Zipcode,State,City,County,Country
6390,NY,FISHERS ISLAND,SUFFOLK,USA
10001,NY,NEW YORK,NEW YORK,USA
10002,NY,NEW YORK,NEW YORK,USA
10003,NY,NEW YORK,NEW YORK,USA
10004,NY,NEW YORK,NEW YORK,USA
10005,NY,NEW YORK,NEW YORK,USA
10006,NY,NEW YORK,NEW YORK,USA
10007,NY,NEW YORK,NEW YORK,USA
10009,NY,NEW YORK,NEW YORK,USA
10010,NY,NEW YORK,NEW YORK,USA
10011,NY,NEW YORK,NEW YORK,USA
10012,NY,NEW YORK,NEW YORK,USA
10013,NY,NEW YORK,NEW YORK,USA
10014,NY,NEW YORK,NEW YORK,USA
10016,NY,NEW YORK,NEW YORK,USA
10017,NY,NEW YORK,NEW YORK,USA
10018,NY,NEW YORK,NEW YORK,USA
10019,NY,NEW YORK,NEW YORK,USA
10020,NY,NEW YORK,NEW YORK,USA
10021,NY,NEW YORK,NEW YORK,USA
10022,NY,NEW YORK,NEW YORK,USA
10023,NY,NEW YORK,NEW YORK,USA
10024,NY,NEW YORK,NEW YORK,USA
10025,NY,NEW YORK,NEW YORK,USA
10026,NY,NEW YORK,NEW YORK,USA
10027,NY,NEW YORK,NEW YORK,USA
10028,NY,NEW YORK,NEW YORK,USA
10029,NY,NEW YORK,NEW YORK,USA
10030,NY,NEW YORK,NEW YORK,USA
10031,NY,NEW YORK,NEW YORK,USA
10032,NY,NEW YORK,NEW YORK,USA
10033,NY,NEW YORK,NEW YORK,USA
10034,NY,NEW YORK,NEW YORK,USA
10035,NY,NEW YORK,NEW YORK,USA
10036,NY,NEW YORK,NEW YORK,USA
10037,NY,NEW YORK,NEW YORK,USA
10038,NY,NEW YORK,NEW YORK,USA
10039,NY,NEW YORK,NEW YORK,USA
10040,NY,NEW YORK,NEW YORK,USA
10044,NY,NEW YORK,NEW YORK,USA
10065,NY,NEW YORK,NEW YORK,USA
10069,NY,NEW YORK,NEW YORK,USA
10075,NY,NEW YORK,NEW YORK,USA
10103,NY,NEW YORK,NEW YORK,USA
10110,NY,NEW YORK,NEW YORK,USA
10111,NY,NEW YORK,NEW YORK,USA
10112,NY,NEW YORK,NEW YORK,USA
10115,NY,NEW YORK,NEW YORK,USA
10119,NY,NEW YORK,NEW YORK,USA
10128,NY,NEW YORK,NEW YORK,USA
10152,NY,NEW YORK,NEW YORK,USA
10153,NY,NEW YORK,NEW YORK,USA
10154,NY,NEW YORK,NEW YORK,USA
10162,NY,NEW YORK,NEW YORK,USA
10165,NY,NEW YORK,NEW YORK,USA
10167,NY,NEW YORK,NEW YORK,USA
10168,NY,NEW YORK,NEW YORK,USA
10169,NY,NEW YORK,NEW YORK,USA
10170,NY,NEW YORK,NEW YORK,USA
10171,NY,NEW YORK,NEW YORK,USA
10172,NY,NEW YORK,NEW YORK,USA
10173,NY,NEW YORK,NEW YORK,USA
10174,NY,NEW YORK,NEW YORK,USA
10177,NY,NEW YORK,NEW YORK,USA
10199,NY,NEW YORK,NEW YORK,USA
10271,NY,NEW YORK,NEW YORK,USA
10278,NY,NEW YORK,NEW YORK,USA
10279,NY,NEW YORK,NEW YORK,USA
10280,NY,NEW YORK,NEW YORK,USA
10282,NY,NEW YORK,NEW YORK,USA
10301,NY,STATEN ISLAND,RICHMOND,USA
10302,NY,STATEN ISLAND,RICHMOND,USA
10303,NY,STATEN ISLAND,RICHMOND,USA
10304,NY,STATEN ISLAND,RICHMOND,USA
10305,NY,STATEN ISLAND,RICHMOND,USA
10306,NY,STATEN ISLAND,RICHMOND,USA
10307,NY,STATEN ISLAND,RICHMOND,USA
10308,NY,STATEN ISLAND,RICHMOND,USA
10309,NY,STATEN ISLAND,RICHMOND,USA
10310,NY,STATEN ISLAND,RICHMOND,USA
10311,NY,STATEN ISLAND,RICHMOND,USA
10312,NY,STATEN ISLAND,RICHMOND,USA
10314,NY,STATEN ISLAND,RICHMOND,USA
10451,NY,BRONX,BRONX,USA
10452,NY,BRONX,BRONX,USA
10453,NY,BRONX,BRONX,USA
10454,NY,BRONX,BRONX,USA
10455,NY,BRONX,BRONX,USA
10456,NY,BRONX,BRONX,USA
10457,NY,BRONX,BRONX,USA
10458,NY,BRONX,BRONX,USA
10459,NY,BRONX,BRONX,USA
10460,NY,BRONX,BRONX,USA
10461,NY,BRONX,BRONX,USA
10462,NY,BRONX,BRONX,USA
10463,NY,BRONX,BRONX,USA
10464,NY,BRONX,BRONX,USA
10465,NY,BRONX,BRONX,USA
10466,NY,BRONX,BRONX,USA
10467,NY,BRONX,BRONX,USA
10468,NY,BRONX,BRONX,USA
10469,NY,BRONX,BRONX,USA
10470,NY,BRONX,BRONX,USA
10471,NY,BRONX,BRONX,USA
10472,NY,BRONX,BRONX,USA
10473,NY,BRONX,BRONX,USA
10474,NY,BRONX,BRONX,USA
10475,NY,BRONX,BRONX,USA
10501,NY,AMAWALK,WESTCHESTER,USA
10502,NY,ARDSLEY,WESTCHESTER,USA
10503,NY,ARDSLEY ON HUDSON,WESTCHESTER,USA
10504,NY,ARMONK,WESTCHESTER,USA
10505,NY,BALDWIN PLACE,WESTCHESTER,USA
10506,NY,BEDFORD,WESTCHESTER,USA
10507,NY,BEDFORD HILLS,WESTCHESTER,USA
10509,NY,BREWSTER,PUTNAM,USA
10510,NY,BRIARCLIFF MANOR,WESTCHESTER,USA
10511,NY,BUCHANAN,WESTCHESTER,USA
10512,NY,CARMEL,PUTNAM,USA
10514,NY,CHAPPAQUA,WESTCHESTER,USA
10516,NY,COLD SPRING,PUTNAM,USA
10517,NY,CROMPOND,WESTCHESTER,USA
10518,NY,CROSS RIVER,WESTCHESTER,USA
10519,NY,CROTON FALLS,WESTCHESTER,USA
10520,NY,CROTON ON HUDSON,WESTCHESTER,USA
10522,NY,DOBBS FERRY,WESTCHESTER,USA
10523,NY,ELMSFORD,WESTCHESTER,USA
10524,NY,GARRISON,PUTNAM,USA
10526,NY,GOLDENS BRIDGE,WESTCHESTER,USA
10527,NY,GRANITE SPRINGS,WESTCHESTER,USA
10528,NY,HARRISON,WESTCHESTER,USA
10530,NY,HARTSDALE,WESTCHESTER,USA
10532,NY,HAWTHORNE,WESTCHESTER,USA
10533,NY,IRVINGTON,WESTCHESTER,USA
10535,NY,JEFFERSON VALLEY,WESTCHESTER,USA
10536,NY,KATONAH,WESTCHESTER,USA
10537,NY,LAKE PEEKSKILL,PUTNAM,USA
10538,NY,LARCHMONT,WESTCHESTER,USA
10540,NY,LINCOLNDALE,WESTCHESTER,USA
10541,NY,MAHOPAC,PUTNAM,USA
10542,NY,MAHOPAC FALLS,PUTNAM,USA
10543,NY,MAMARONECK,WESTCHESTER,USA
10545,NY,MARYKNOLL,WESTCHESTER,USA
10546,NY,MILLWOOD,WESTCHESTER,USA
10547,NY,MOHEGAN LAKE,WESTCHESTER,USA
10548,NY,MONTROSE,WESTCHESTER,USA
10549,NY,MOUNT KISCO,WESTCHESTER,USA
10550,NY,MOUNT VERNON,WESTCHESTER,USA
10552,NY,MOUNT VERNON,WESTCHESTER,USA
10553,NY,MOUNT VERNON,WESTCHESTER,USA
10560,NY,NORTH SALEM,WESTCHESTER,USA
10562,NY,OSSINING,WESTCHESTER,USA
10566,NY,PEEKSKILL,WESTCHESTER,USA
10567,NY,CORTLANDT MANOR,WESTCHESTER,USA
10570,NY,PLEASANTVILLE,WESTCHESTER,USA
10573,NY,PORT CHESTER,WESTCHESTER,USA
10576,NY,POUND RIDGE,WESTCHESTER,USA
10577,NY,PURCHASE,WESTCHESTER,USA
10578,NY,PURDYS,WESTCHESTER,USA
10579,NY,PUTNAM VALLEY,PUTNAM,USA
10580,NY,RYE,WESTCHESTER,USA
10583,NY,SCARSDALE,WESTCHESTER,USA
10588,NY,SHRUB OAK,WESTCHESTER,USA
10589,NY,SOMERS,WESTCHESTER,USA
10590,NY,SOUTH SALEM,WESTCHESTER,USA
10591,NY,TARRYTOWN,WESTCHESTER,USA
10594,NY,THORNWOOD,WESTCHESTER,USA
10595,NY,VALHALLA,WESTCHESTER,USA
10596,NY,VERPLANCK,WESTCHESTER,USA
10597,NY,WACCABUC,WESTCHESTER,USA
10598,NY,YORKTOWN HEIGHTS,WESTCHESTER,USA
10601,NY,WHITE PLAINS,WESTCHESTER,USA
10603,NY,WHITE PLAINS,WESTCHESTER,USA
10604,NY,WEST HARRISON,WESTCHESTER,USA
10605,NY,WHITE PLAINS,WESTCHESTER,USA
10606,NY,WHITE PLAINS,WESTCHESTER,USA
10607,NY,WHITE PLAINS,WESTCHESTER,USA
10701,NY,YONKERS,WESTCHESTER,USA
10703,NY,YONKERS,WESTCHESTER,USA
10704,NY,YONKERS,WESTCHESTER,USA
10705,NY,YONKERS,WESTCHESTER,USA
10706,NY,HASTINGS ON HUDSON,WESTCHESTER,USA
10707,NY,TUCKAHOE,WESTCHESTER,USA
10708,NY,BRONXVILLE,WESTCHESTER,USA
10709,NY,EASTCHESTER,WESTCHESTER,USA
10710,NY,YONKERS,WESTCHESTER,USA
10801,NY,NEW ROCHELLE,WESTCHESTER,USA
10803,NY,PELHAM,WESTCHESTER,USA
10804,NY,NEW ROCHELLE,WESTCHESTER,USA
10805,NY,NEW ROCHELLE,WESTCHESTER,USA
10901,NY,SUFFERN,ROCKLAND,USA
10910,NY,ARDEN,ORANGE,USA
10911,NY,BEAR MOUNTAIN,ROCKLAND,USA
10913,NY,BLAUVELT,ROCKLAND,USA
10914,NY,BLOOMING GROVE,ORANGE,USA
10915,NY,BULLVILLE,ORANGE,USA
10916,NY,CAMPBELL HALL,ORANGE,USA
10917,NY,CENTRAL VALLEY,ORANGE,USA
10918,NY,CHESTER,ORANGE,USA
10919,NY,CIRCLEVILLE,ORANGE,USA
10920,NY,CONGERS,ROCKLAND,USA
10921,NY,FLORIDA,ORANGE,USA
10922,NY,FORT MONTGOMERY,ORANGE,USA
10923,NY,GARNERVILLE,ROCKLAND,USA
10924,NY,GOSHEN,ORANGE,USA
10925,NY,GREENWOOD LAKE,ORANGE,USA
10926,NY,HARRIMAN,ORANGE,USA
10927,NY,HAVERSTRAW,ROCKLAND,USA
10928,NY,HIGHLAND FALLS,ORANGE,USA
10930,NY,HIGHLAND MILLS,ORANGE,USA
10931,NY,HILLBURN,ROCKLAND,USA
10932,NY,HOWELLS,ORANGE,USA
10933,NY,JOHNSON,ORANGE,USA
10940,NY,MIDDLETOWN,ORANGE,USA
10941,NY,MIDDLETOWN,ORANGE,USA
10950,NY,MONROE,ORANGE,USA
10952,NY,MONSEY,ROCKLAND,USA
10953,NY,MOUNTAINVILLE,ORANGE,USA
10954,NY,NANUET,ROCKLAND,USA
10956,NY,NEW CITY,ROCKLAND,USA
10958,NY,NEW HAMPTON,ORANGE,USA
10960,NY,NYACK,ROCKLAND,USA
10962,NY,ORANGEBURG,ROCKLAND,USA
10963,NY,OTISVILLE,ORANGE,USA
10964,NY,PALISADES,ROCKLAND,USA
10965,NY,PEARL RIVER,ROCKLAND,USA
10968,NY,PIERMONT,ROCKLAND,USA
10969,NY,PINE ISLAND,ORANGE,USA
10970,NY,POMONA,ROCKLAND,USA
10973,NY,SLATE HILL,ORANGE,USA
10974,NY,SLOATSBURG,ROCKLAND,USA
10975,NY,SOUTHFIELDS,ORANGE,USA
10976,NY,SPARKILL,ROCKLAND,USA
10977,NY,SPRING VALLEY,ROCKLAND,USA
10979,NY,STERLING FOREST,ORANGE,USA
10980,NY,STONY POINT,ROCKLAND,USA
10983,NY,TAPPAN,ROCKLAND,USA
10984,NY,THIELLS,ROCKLAND,USA
10985,NY,THOMPSON RIDGE,ORANGE,USA
10986,NY,TOMKINS COVE,ROCKLAND,USA
10987,NY,TUXEDO PARK,ORANGE,USA
10988,NY,UNIONVILLE,ORANGE,USA
10989,NY,VALLEY COTTAGE,ROCKLAND,USA
10990,NY,WARWICK,ORANGE,USA
10992,NY,WASHINGTONVILLE,ORANGE,USA
10993,NY,WEST HAVERSTRAW,ROCKLAND,USA
10994,NY,WEST NYACK,ROCKLAND,USA
10996,NY,WEST POINT,ORANGE,USA
10998,NY,WESTTOWN,ORANGE,USA
11001,NY,FLORAL PARK,NASSAU,USA
11003,NY,ELMONT,NASSAU,USA
11004,NY,GLEN OAKS,QUEENS,USA
11005,NY,FLORAL PARK,QUEENS,USA
11010,NY,FRANKLIN SQUARE,NASSAU,USA
11020,NY,GREAT NECK,NASSAU,USA
11021,NY,GREAT NECK,NASSAU,USA
11023,NY,GREAT NECK,NASSAU,USA
11024,NY,GREAT NECK,NASSAU,USA
11030,NY,MANHASSET,NASSAU,USA
11040,NY,NEW HYDE PARK,NASSAU,USA
11042,NY,NEW HYDE PARK,NASSAU,USA
11050,NY,PORT WASHINGTON,NASSAU,USA
11096,NY,INWOOD,NASSAU,USA
11101,NY,LONG ISLAND CITY,QUEENS,USA
11102,NY,ASTORIA,QUEENS,USA
11103,NY,ASTORIA,QUEENS,USA
11104,NY,SUNNYSIDE,QUEENS,USA
11105,NY,ASTORIA,QUEENS,USA
11106,NY,ASTORIA,QUEENS,USA
11109,NY,LONG ISLAND CITY,QUEENS,USA
11201,NY,BROOKLYN,KINGS,USA
11203,NY,BROOKLYN,KINGS,USA
11204,NY,BROOKLYN,KINGS,USA
11205,NY,BROOKLYN,KINGS,USA
11206,NY,BROOKLYN,KINGS,USA
11207,NY,BROOKLYN,KINGS,USA
11208,NY,BROOKLYN,KINGS,USA
11209,NY,BROOKLYN,KINGS,USA
11210,NY,BROOKLYN,KINGS,USA
11211,NY,BROOKLYN,KINGS,USA
11212,NY,BROOKLYN,KINGS,USA
11213,NY,BROOKLYN,KINGS,USA
11214,NY,BROOKLYN,KINGS,USA
11215,NY,BROOKLYN,KINGS,USA
11216,NY,BROOKLYN,KINGS,USA
11217,NY,BROOKLYN,KINGS,USA
11218,NY,BROOKLYN,KINGS,USA
11219,NY,BROOKLYN,KINGS,USA
11220,NY,BROOKLYN,KINGS,USA
11221,NY,BROOKLYN,KINGS,USA
11222,NY,BROOKLYN,KINGS,USA
11223,NY,BROOKLYN,KINGS,USA
11224,NY,BROOKLYN,KINGS,USA
11225,NY,BROOKLYN,KINGS,USA
11226,NY,BROOKLYN,KINGS,USA
11228,NY,BROOKLYN,KINGS,USA
11229,NY,BROOKLYN,KINGS,USA
11230,NY,BROOKLYN,KINGS,USA
11231,NY,BROOKLYN,KINGS,USA
11232,NY,BROOKLYN,KINGS,USA
11233,NY,BROOKLYN,KINGS,USA
11234,NY,BROOKLYN,KINGS,USA
11235,NY,BROOKLYN,KINGS,USA
11236,NY,BROOKLYN,KINGS,USA
11237,NY,BROOKLYN,KINGS,USA
11238,NY,BROOKLYN,KINGS,USA
11239,NY,BROOKLYN,KINGS,USA
11249,NY,BROOKLYN,KINGS,USA
11354,NY,FLUSHING,QUEENS,USA
11355,NY,FLUSHING,QUEENS,USA
11356,NY,COLLEGE POINT,QUEENS,USA
11357,NY,WHITESTONE,QUEENS,USA
11358,NY,FLUSHING,QUEENS,USA
11359,NY,BAYSIDE,QUEENS,USA
11360,NY,BAYSIDE,QUEENS,USA
11361,NY,BAYSIDE,QUEENS,USA
11362,NY,LITTLE NECK,QUEENS,USA
11363,NY,LITTLE NECK,QUEENS,USA
11364,NY,OAKLAND GARDENS,QUEENS,USA
11365,NY,FRESH MEADOWS,QUEENS,USA
11366,NY,FRESH MEADOWS,QUEENS,USA
11367,NY,FLUSHING,QUEENS,USA
11368,NY,CORONA,QUEENS,USA
11369,NY,EAST ELMHURST,QUEENS,USA
11370,NY,EAST ELMHURST,QUEENS,USA
11371,NY,FLUSHING,QUEENS,USA
11372,NY,JACKSON HEIGHTS,QUEENS,USA
11373,NY,ELMHURST,QUEENS,USA
11374,NY,REGO PARK,QUEENS,USA
11375,NY,FOREST HILLS,QUEENS,USA
11377,NY,WOODSIDE,QUEENS,USA
11378,NY,MASPETH,QUEENS,USA
11379,NY,MIDDLE VILLAGE,QUEENS,USA
11385,NY,RIDGEWOOD,QUEENS,USA
11411,NY,CAMBRIA HEIGHTS,QUEENS,USA
11412,NY,SAINT ALBANS,QUEENS,USA
11413,NY,SPRINGFIELD GARDENS,QUEENS,USA
11414,NY,HOWARD BEACH,QUEENS,USA
11415,NY,KEW GARDENS,QUEENS,USA
11416,NY,OZONE PARK,QUEENS,USA
11417,NY,OZONE PARK,QUEENS,USA
11418,NY,RICHMOND HILL,QUEENS,USA
11419,NY,SOUTH RICHMOND HILL,QUEENS,USA
11420,NY,SOUTH OZONE PARK,QUEENS,USA
11421,NY,WOODHAVEN,QUEENS,USA
11422,NY,ROSEDALE,QUEENS,USA
11423,NY,HOLLIS,QUEENS,USA
11424,NY,JAMAICA,QUEENS,USA
11426,NY,BELLEROSE,QUEENS,USA
11427,NY,QUEENS VILLAGE,QUEENS,USA
11428,NY,QUEENS VILLAGE,QUEENS,USA
11429,NY,QUEENS VILLAGE,QUEENS,USA
11430,NY,JAMAICA,QUEENS,USA
11432,NY,JAMAICA,QUEENS,USA
11433,NY,JAMAICA,QUEENS,USA
11434,NY,JAMAICA,QUEENS,USA
11435,NY,JAMAICA,QUEENS,USA
11436,NY,JAMAICA,QUEENS,USA
11439,NY,JAMAICA,QUEENS,USA
11451,NY,JAMAICA,QUEENS,USA
11501,NY,MINEOLA,NASSAU,USA
11507,NY,ALBERTSON,NASSAU,USA
11509,NY,ATLANTIC BEACH,NASSAU,USA
11510,NY,BALDWIN,NASSAU,USA
11514,NY,CARLE PLACE,NASSAU,USA
11516,NY,CEDARHURST,NASSAU,USA
11518,NY,EAST ROCKAWAY,NASSAU,USA
11520,NY,FREEPORT,NASSAU,USA
11530,NY,GARDEN CITY,NASSAU,USA
11542,NY,GLEN COVE,NASSAU,USA
11545,NY,GLEN HEAD,NASSAU,USA
11547,NY,GLENWOOD LANDING,NASSAU,USA
11548,NY,GREENVALE,NASSAU,USA
11549,NY,HEMPSTEAD,NASSAU,USA
11550,NY,HEMPSTEAD,NASSAU,USA
11552,NY,WEST HEMPSTEAD,NASSAU,USA
11553,NY,UNIONDALE,NASSAU,USA
11554,NY,EAST MEADOW,NASSAU,USA
11556,NY,UNIONDALE,NASSAU,USA
11557,NY,HEWLETT,NASSAU,USA
11558,NY,ISLAND PARK,NASSAU,USA
11559,NY,LAWRENCE,NASSAU,USA
11560,NY,LOCUST VALLEY,NASSAU,USA
11561,NY,LONG BEACH,NASSAU,USA
11563,NY,LYNBROOK,NASSAU,USA
11565,NY,MALVERNE,NASSAU,USA
11566,NY,MERRICK,NASSAU,USA
11568,NY,OLD WESTBURY,NASSAU,USA
11569,NY,POINT LOOKOUT,NASSAU,USA
11570,NY,ROCKVILLE CENTRE,NASSAU,USA
11572,NY,OCEANSIDE,NASSAU,USA
11575,NY,ROOSEVELT,NASSAU,USA
11576,NY,ROSLYN,NASSAU,USA
11577,NY,ROSLYN HEIGHTS,NASSAU,USA
11579,NY,SEA CLIFF,NASSAU,USA
11580,NY,VALLEY STREAM,NASSAU,USA
11581,NY,VALLEY STREAM,NASSAU,USA
11590,NY,WESTBURY,NASSAU,USA
11596,NY,WILLISTON PARK,NASSAU,USA
11598,NY,WOODMERE,NASSAU,USA
11691,NY,FAR ROCKAWAY,QUEENS,USA
11692,NY,ARVERNE,QUEENS,USA
11693,NY,FAR ROCKAWAY,QUEENS,USA
11694,NY,ROCKAWAY PARK,QUEENS,USA
11697,NY,BREEZY POINT,QUEENS,USA
11701,NY,AMITYVILLE,SUFFOLK,USA
11702,NY,BABYLON,SUFFOLK,USA
11703,NY,NORTH BABYLON,SUFFOLK,USA
11704,NY,WEST BABYLON,SUFFOLK,USA
11705,NY,BAYPORT,SUFFOLK,USA
11706,NY,BAY SHORE,SUFFOLK,USA
11709,NY,BAYVILLE,NASSAU,USA
11710,NY,BELLMORE,NASSAU,USA
11713,NY,BELLPORT,SUFFOLK,USA
11714,NY,BETHPAGE,NASSAU,USA
11715,NY,BLUE POINT,SUFFOLK,USA
11716,NY,BOHEMIA,SUFFOLK,USA
11717,NY,BRENTWOOD,SUFFOLK,USA
11718,NY,BRIGHTWATERS,SUFFOLK,USA
11719,NY,BROOKHAVEN,SUFFOLK,USA
11720,NY,CENTEREACH,SUFFOLK,USA
11721,NY,CENTERPORT,SUFFOLK,USA
11722,NY,CENTRAL ISLIP,SUFFOLK,USA
11724,NY,COLD SPRING HARBOR,SUFFOLK,USA
11725,NY,COMMACK,SUFFOLK,USA
11726,NY,COPIAGUE,SUFFOLK,USA
11727,NY,CORAM,SUFFOLK,USA
11729,NY,DEER PARK,SUFFOLK,USA
11730,NY,EAST ISLIP,SUFFOLK,USA
11731,NY,EAST NORTHPORT,SUFFOLK,USA
11732,NY,EAST NORWICH,NASSAU,USA
11733,NY,EAST SETAUKET,SUFFOLK,USA
11735,NY,FARMINGDALE,SUFFOLK,USA
11738,NY,FARMINGVILLE,SUFFOLK,USA
11739,NY,GREAT RIVER,SUFFOLK,USA
11740,NY,GREENLAWN,SUFFOLK,USA
11741,NY,HOLBROOK,SUFFOLK,USA
11742,NY,HOLTSVILLE,SUFFOLK,USA
11743,NY,HUNTINGTON,SUFFOLK,USA
11746,NY,HUNTINGTON STATION,SUFFOLK,USA
11747,NY,MELVILLE,SUFFOLK,USA
11749,NY,ISLANDIA,SUFFOLK,USA
11751,NY,ISLIP,SUFFOLK,USA
11752,NY,ISLIP TERRACE,SUFFOLK,USA
11753,NY,JERICHO,NASSAU,USA
11754,NY,KINGS PARK,SUFFOLK,USA
11755,NY,LAKE GROVE,SUFFOLK,USA
11756,NY,LEVITTOWN,NASSAU,USA
11757,NY,LINDENHURST,SUFFOLK,USA
11758,NY,MASSAPEQUA,NASSAU,USA
11762,NY,MASSAPEQUA PARK,NASSAU,USA
11763,NY,MEDFORD,SUFFOLK,USA
11764,NY,MILLER PLACE,SUFFOLK,USA
11765,NY,MILL NECK,NASSAU,USA
11766,NY,MOUNT SINAI,SUFFOLK,USA
11767,NY,NESCONSET,SUFFOLK,USA
11768,NY,NORTHPORT,SUFFOLK,USA
11769,NY,OAKDALE,SUFFOLK,USA
11770,NY,OCEAN BEACH,SUFFOLK,USA
11771,NY,OYSTER BAY,NASSAU,USA
11772,NY,PATCHOGUE,SUFFOLK,USA
11776,NY,PORT JEFFERSON STATION,SUFFOLK,USA
11777,NY,PORT JEFFERSON,SUFFOLK,USA
11778,NY,ROCKY POINT,SUFFOLK,USA
11779,NY,RONKONKOMA,SUFFOLK,USA
11780,NY,SAINT JAMES,SUFFOLK,USA
11782,NY,SAYVILLE,SUFFOLK,USA
11783,NY,SEAFORD,NASSAU,USA
11784,NY,SELDEN,SUFFOLK,USA
11786,NY,SHOREHAM,SUFFOLK,USA
11787,NY,SMITHTOWN,SUFFOLK,USA
11788,NY,HAUPPAUGE,SUFFOLK,USA
11789,NY,SOUND BEACH,SUFFOLK,USA
11790,NY,STONY BROOK,SUFFOLK,USA
11791,NY,SYOSSET,NASSAU,USA
11792,NY,WADING RIVER,SUFFOLK,USA
11793,NY,WANTAGH,NASSAU,USA
11794,NY,STONY BROOK,SUFFOLK,USA
11795,NY,WEST ISLIP,SUFFOLK,USA
11796,NY,WEST SAYVILLE,SUFFOLK,USA
11797,NY,WOODBURY,NASSAU,USA
11798,NY,WYANDANCH,SUFFOLK,USA
11801,NY,HICKSVILLE,NASSAU,USA
11803,NY,PLAINVIEW,NASSAU,USA
11804,NY,OLD BETHPAGE,NASSAU,USA
11901,NY,RIVERHEAD,SUFFOLK,USA
11930,NY,AMAGANSETT,SUFFOLK,USA
11931,NY,AQUEBOGUE,SUFFOLK,USA
11932,NY,BRIDGEHAMPTON,SUFFOLK,USA
11933,NY,CALVERTON,SUFFOLK,USA
11934,NY,CENTER MORICHES,SUFFOLK,USA
11935,NY,CUTCHOGUE,SUFFOLK,USA
11937,NY,EAST HAMPTON,SUFFOLK,USA
11939,NY,EAST MARION,SUFFOLK,USA
11940,NY,EAST MORICHES,SUFFOLK,USA
11941,NY,EASTPORT,SUFFOLK,USA
11942,NY,EAST QUOGUE,SUFFOLK,USA
11944,NY,GREENPORT,SUFFOLK,USA
11946,NY,HAMPTON BAYS,SUFFOLK,USA
11947,NY,JAMESPORT,SUFFOLK,USA
11948,NY,LAUREL,SUFFOLK,USA
11949,NY,MANORVILLE,SUFFOLK,USA
11950,NY,MASTIC,SUFFOLK,USA
11951,NY,MASTIC BEACH,SUFFOLK,USA
11952,NY,MATTITUCK,SUFFOLK,USA
11953,NY,MIDDLE ISLAND,SUFFOLK,USA
11954,NY,MONTAUK,SUFFOLK,USA
11955,NY,MORICHES,SUFFOLK,USA
11956,NY,NEW SUFFOLK,SUFFOLK,USA
11957,NY,ORIENT,SUFFOLK,USA
11958,NY,PECONIC,SUFFOLK,USA
11959,NY,QUOGUE,SUFFOLK,USA
11960,NY,REMSENBURG,SUFFOLK,USA
11961,NY,RIDGE,SUFFOLK,USA
11962,NY,SAGAPONACK,SUFFOLK,USA
11963,NY,SAG HARBOR,SUFFOLK,USA
11964,NY,SHELTER ISLAND,SUFFOLK,USA
11965,NY,SHELTER ISLAND HEIGHTS,SUFFOLK,USA
11967,NY,SHIRLEY,SUFFOLK,USA
11968,NY,SOUTHAMPTON,SUFFOLK,USA
11970,NY,SOUTH JAMESPORT,SUFFOLK,USA
11971,NY,SOUTHOLD,SUFFOLK,USA
11972,NY,SPEONK,SUFFOLK,USA
11973,NY,UPTON,SUFFOLK,USA
11975,NY,WAINSCOTT,SUFFOLK,USA
11976,NY,WATER MILL,SUFFOLK,USA
11977,NY,WESTHAMPTON,SUFFOLK,USA
11978,NY,WESTHAMPTON BEACH,SUFFOLK,USA
11980,NY,YAPHANK,SUFFOLK,USA
12007,NY,ALCOVE,ALBANY,USA
12008,NY,ALPLAUS,SCHENECTADY,USA
12009,NY,ALTAMONT,ALBANY,USA
12010,NY,AMSTERDAM,MONTGOMERY,USA
12015,NY,ATHENS,GREENE,USA
12017,NY,AUSTERLITZ,COLUMBIA,USA
12018,NY,AVERILL PARK,RENSSELAER,USA
12019,NY,BALLSTON LAKE,SARATOGA,USA
12020,NY,BALLSTON SPA,SARATOGA,USA
12022,NY,BERLIN,RENSSELAER,USA
12023,NY,BERNE,ALBANY,USA
12024,NY,BRAINARD,COLUMBIA,USA
12025,NY,BROADALBIN,FULTON,USA
12027,NY,BURNT HILLS,SARATOGA,USA
12028,NY,BUSKIRK,WASHINGTON,USA
12029,NY,CANAAN,COLUMBIA,USA
12031,NY,CARLISLE,SCHOHARIE,USA
12032,NY,CAROGA LAKE,HAMILTON,USA
12033,NY,CASTLETON ON HUDSON,RENSSELAER,USA
12035,NY,CENTRAL BRIDGE,SCHOHARIE,USA
12036,NY,CHARLOTTEVILLE,SCHOHARIE,USA
12037,NY,CHATHAM,COLUMBIA,USA
12040,NY,CHERRY PLAIN,RENSSELAER,USA
12041,NY,CLARKSVILLE,ALBANY,USA
12042,NY,CLIMAX,GREENE,USA
12043,NY,COBLESKILL,SCHOHARIE,USA
12045,NY,COEYMANS,ALBANY,USA
12046,NY,COEYMANS HOLLOW,ALBANY,USA
12047,NY,COHOES,ALBANY,USA
12051,NY,COXSACKIE,GREENE,USA
12052,NY,CROPSEYVILLE,RENSSELAER,USA
12053,NY,DELANSON,SCHENECTADY,USA
12054,NY,DELMAR,ALBANY,USA
12056,NY,DUANESBURG,SCHENECTADY,USA
12057,NY,EAGLE BRIDGE,WASHINGTON,USA
12058,NY,EARLTON,GREENE,USA
12059,NY,EAST BERNE,ALBANY,USA
12060,NY,EAST CHATHAM,COLUMBIA,USA
12061,NY,EAST GREENBUSH,RENSSELAER,USA
12062,NY,EAST NASSAU,RENSSELAER,USA
12063,NY,EAST SCHODACK,RENSSELAER,USA
12064,NY,EAST WORCESTER,OTSEGO,USA
12065,NY,CLIFTON PARK,SARATOGA,USA
12066,NY,ESPERANCE,MONTGOMERY,USA
12067,NY,FEURA BUSH,ALBANY,USA
12068,NY,FONDA,MONTGOMERY,USA
12069,NY,FORT HUNTER,MONTGOMERY,USA
12070,NY,FORT JOHNSON,MONTGOMERY,USA
12071,NY,FULTONHAM,SCHOHARIE,USA
12072,NY,FULTONVILLE,MONTGOMERY,USA
12074,NY,GALWAY,SARATOGA,USA
12075,NY,GHENT,COLUMBIA,USA
12076,NY,GILBOA,SCHOHARIE,USA
12077,NY,GLENMONT,ALBANY,USA
12078,NY,GLOVERSVILLE,FULTON,USA
12082,NY,GRAFTON,RENSSELAER,USA
12083,NY,GREENVILLE,GREENE,USA
12084,NY,GUILDERLAND,ALBANY,USA
12085,NY,GUILDERLAND CENTER,ALBANY,USA
12086,NY,HAGAMAN,SARATOGA,USA
12087,NY,HANNACROIX,GREENE,USA
12090,NY,HOOSICK FALLS,RENSSELAER,USA
12092,NY,HOWES CAVE,SCHOHARIE,USA
12093,NY,JEFFERSON,SCHOHARIE,USA
12094,NY,JOHNSONVILLE,RENSSELAER,USA
12095,NY,JOHNSTOWN,FULTON,USA
12106,NY,KINDERHOOK,COLUMBIA,USA
12108,NY,LAKE PLEASANT,HAMILTON,USA
12110,NY,LATHAM,ALBANY,USA
12115,NY,MALDEN BRIDGE,COLUMBIA,USA
12116,NY,MARYLAND,OTSEGO,USA
12117,NY,MAYFIELD,FULTON,USA
12118,NY,MECHANICVILLE,SARATOGA,USA
12120,NY,MEDUSA,ALBANY,USA
12121,NY,MELROSE,RENSSELAER,USA
12122,NY,MIDDLEBURGH,SCHOHARIE,USA
12123,NY,NASSAU,RENSSELAER,USA
12124,NY,NEW BALTIMORE,GREENE,USA
12125,NY,NEW LEBANON,COLUMBIA,USA
12130,NY,NIVERVILLE,COLUMBIA,USA
12131,NY,NORTH BLENHEIM,SCHOHARIE,USA
12132,NY,NORTH CHATHAM,COLUMBIA,USA
12134,NY,NORTHVILLE,HAMILTON,USA
12136,NY,OLD CHATHAM,COLUMBIA,USA
12137,NY,PATTERSONVILLE,SCHENECTADY,USA
12138,NY,PETERSBURG,RENSSELAER,USA
12139,NY,PISECO,HAMILTON,USA
12140,NY,POESTENKILL,RENSSELAER,USA
12143,NY,RAVENA,ALBANY,USA
12144,NY,RENSSELAER,RENSSELAER,USA
12147,NY,RENSSELAERVILLE,ALBANY,USA
12148,NY,REXFORD,SARATOGA,USA
12149,NY,RICHMONDVILLE,SCHOHARIE,USA
12150,NY,ROTTERDAM JUNCTION,SCHENECTADY,USA
12151,NY,ROUND LAKE,SARATOGA,USA
12153,NY,SAND LAKE,RENSSELAER,USA
12154,NY,SCHAGHTICOKE,RENSSELAER,USA
12155,NY,SCHENEVUS,OTSEGO,USA
12156,NY,SCHODACK LANDING,RENSSELAER,USA
12157,NY,SCHOHARIE,SCHOHARIE,USA
12158,NY,SELKIRK,ALBANY,USA
12159,NY,SLINGERLANDS,ALBANY,USA
12160,NY,SLOANSVILLE,SCHOHARIE,USA
12161,NY,SOUTH BETHLEHEM,ALBANY,USA
12164,NY,SPECULATOR,HAMILTON,USA
12165,NY,SPENCERTOWN,COLUMBIA,USA
12166,NY,SPRAKERS,MONTGOMERY,USA
12167,NY,STAMFORD,SCHOHARIE,USA
12168,NY,STEPHENTOWN,RENSSELAER,USA
12169,NY,STEPHENTOWN,RENSSELAER,USA
12170,NY,STILLWATER,SARATOGA,USA
12172,NY,STOTTVILLE,COLUMBIA,USA
12173,NY,STUYVESANT,COLUMBIA,USA
12174,NY,STUYVESANT FALLS,COLUMBIA,USA
12175,NY,SUMMIT,SCHOHARIE,USA
12176,NY,SURPRISE,GREENE,USA
12177,NY,TRIBES HILL,MONTGOMERY,USA
12180,NY,TROY,RENSSELAER,USA
12182,NY,TROY,RENSSELAER,USA
12183,NY,TROY,ALBANY,USA
12184,NY,VALATIE,COLUMBIA,USA
12185,NY,VALLEY FALLS,RENSSELAER,USA
12186,NY,VOORHEESVILLE,ALBANY,USA
12187,NY,WARNERVILLE,SCHOHARIE,USA
12188,NY,WATERFORD,SARATOGA,USA
12189,NY,WATERVLIET,ALBANY,USA
12190,NY,WELLS,HAMILTON,USA
12192,NY,WEST COXSACKIE,GREENE,USA
12193,NY,WESTERLO,ALBANY,USA
12194,NY,WEST FULTON,SCHOHARIE,USA
12195,NY,WEST LEBANON,COLUMBIA,USA
12196,NY,WEST SAND LAKE,RENSSELAER,USA
12197,NY,WORCESTER,OTSEGO,USA
12198,NY,WYNANTSKILL,RENSSELAER,USA
12202,NY,ALBANY,ALBANY,USA
12203,NY,ALBANY,ALBANY,USA
12204,NY,ALBANY,ALBANY,USA
12205,NY,ALBANY,ALBANY,USA
12206,NY,ALBANY,ALBANY,USA
12207,NY,ALBANY,ALBANY,USA
12208,NY,ALBANY,ALBANY,USA
12209,NY,ALBANY,ALBANY,USA
12210,NY,ALBANY,ALBANY,USA
12211,NY,ALBANY,ALBANY,USA
12222,NY,ALBANY,ALBANY,USA
12226,NY,ALBANY,ALBANY,USA
12302,NY,SCHENECTADY,SCHENECTADY,USA
12303,NY,SCHENECTADY,ALBANY,USA
12304,NY,SCHENECTADY,SCHENECTADY,USA
12305,NY,SCHENECTADY,SCHENECTADY,USA
12306,NY,SCHENECTADY,SCHENECTADY,USA
12307,NY,SCHENECTADY,SCHENECTADY,USA
12308,NY,SCHENECTADY,SCHENECTADY,USA
12309,NY,SCHENECTADY,SCHENECTADY,USA
12401,NY,KINGSTON,ULSTER,USA
12404,NY,ACCORD,ULSTER,USA
12405,NY,ACRA,GREENE,USA
12406,NY,ARKVILLE,ULSTER,USA
12407,NY,ASHLAND,GREENE,USA
12409,NY,BEARSVILLE,ULSTER,USA
12410,NY,BIG INDIAN,ULSTER,USA
12411,NY,BLOOMINGTON,ULSTER,USA
12412,NY,BOICEVILLE,ULSTER,USA
12413,NY,CAIRO,GREENE,USA
12414,NY,CATSKILL,GREENE,USA
12416,NY,CHICHESTER,ULSTER,USA
12417,NY,CONNELLY,ULSTER,USA
12418,NY,CORNWALLVILLE,GREENE,USA
12419,NY,COTTEKILL,ULSTER,USA
12420,NY,CRAGSMOOR,ULSTER,USA
12421,NY,DENVER,DELAWARE,USA
12422,NY,DURHAM,GREENE,USA
12423,NY,EAST DURHAM,GREENE,USA
12424,NY,EAST JEWETT,GREENE,USA
12427,NY,ELKA PARK,GREENE,USA
12428,NY,ELLENVILLE,ULSTER,USA
12429,NY,ESOPUS,ULSTER,USA
12430,NY,FLEISCHMANNS,GREENE,USA
12431,NY,FREEHOLD,GREENE,USA
12432,NY,GLASCO,ULSTER,USA
12433,NY,GLENFORD,ULSTER,USA
12434,NY,GRAND GORGE,DELAWARE,USA
12435,NY,GREENFIELD PARK,ULSTER,USA
12436,NY,HAINES FALLS,GREENE,USA
12438,NY,HALCOTTSVILLE,DELAWARE,USA
12439,NY,HENSONVILLE,GREENE,USA
12440,NY,HIGH FALLS,ULSTER,USA
12441,NY,HIGHMOUNT,DELAWARE,USA
12442,NY,HUNTER,GREENE,USA
12443,NY,HURLEY,ULSTER,USA
12444,NY,JEWETT,GREENE,USA
12446,NY,KERHONKSON,ULSTER,USA
12448,NY,LAKE HILL,ULSTER,USA
12449,NY,LAKE KATRINE,ULSTER,USA
12450,NY,LANESVILLE,GREENE,USA
12451,NY,LEEDS,GREENE,USA
12452,NY,LEXINGTON,GREENE,USA
12453,NY,MALDEN ON HUDSON,ULSTER,USA
12454,NY,MAPLECREST,GREENE,USA
12455,NY,MARGARETVILLE,DELAWARE,USA
12456,NY,MOUNT MARION,ULSTER,USA
12457,NY,MOUNT TREMPER,ULSTER,USA
12458,NY,NAPANOCH,ULSTER,USA
12459,NY,NEW KINGSTON,DELAWARE,USA
12460,NY,OAK HILL,ALBANY,USA
12461,NY,OLIVEBRIDGE,ULSTER,USA
12463,NY,PALENVILLE,GREENE,USA
12464,NY,PHOENICIA,ULSTER,USA
12465,NY,PINE HILL,ULSTER,USA
12466,NY,PORT EWEN,ULSTER,USA
12468,NY,PRATTSVILLE,GREENE,USA
12469,NY,PRESTON HOLLOW,ALBANY,USA
12470,NY,PURLING,GREENE,USA
12471,NY,RIFTON,ULSTER,USA
12472,NY,ROSENDALE,ULSTER,USA
12473,NY,ROUND TOP,GREENE,USA
12474,NY,ROXBURY,DELAWARE,USA
12475,NY,RUBY,ULSTER,USA
12477,NY,SAUGERTIES,ULSTER,USA
12480,NY,SHANDAKEN,GREENE,USA
12481,NY,SHOKAN,ULSTER,USA
12482,NY,SOUTH CAIRO,GREENE,USA
12483,NY,SPRING GLEN,SULLIVAN,USA
12484,NY,STONE RIDGE,ULSTER,USA
12485,NY,TANNERSVILLE,GREENE,USA
12486,NY,TILLSON,ULSTER,USA
12487,NY,ULSTER PARK,ULSTER,USA
12489,NY,WAWARSING,ULSTER,USA
12490,NY,WEST CAMP,ULSTER,USA
12491,NY,WEST HURLEY,ULSTER,USA
12492,NY,WEST KILL,GREENE,USA
12493,NY,WEST PARK,ULSTER,USA
12494,NY,WEST SHOKAN,ULSTER,USA
12495,NY,WILLOW,ULSTER,USA
12496,NY,WINDHAM,GREENE,USA
12498,NY,WOODSTOCK,ULSTER,USA
12501,NY,AMENIA,DUTCHESS,USA
12502,NY,ANCRAM,COLUMBIA,USA
12503,NY,ANCRAMDALE,COLUMBIA,USA
12504,NY,ANNANDALE ON HUDSON,DUTCHESS,USA
12507,NY,BARRYTOWN,DUTCHESS,USA
12508,NY,BEACON,DUTCHESS,USA
12512,NY,CHELSEA,DUTCHESS,USA
12513,NY,CLAVERACK,COLUMBIA,USA
12514,NY,CLINTON CORNERS,DUTCHESS,USA
12515,NY,CLINTONDALE,ULSTER,USA
12516,NY,COPAKE,COLUMBIA,USA
12517,NY,COPAKE FALLS,COLUMBIA,USA
12518,NY,CORNWALL,ORANGE,USA
12520,NY,CORNWALL ON HUDSON,ORANGE,USA
12521,NY,CRARYVILLE,COLUMBIA,USA
12522,NY,DOVER PLAINS,DUTCHESS,USA
12523,NY,ELIZAVILLE,COLUMBIA,USA
12524,NY,FISHKILL,DUTCHESS,USA
12525,NY,GARDINER,ULSTER,USA
12526,NY,GERMANTOWN,COLUMBIA,USA
12527,NY,GLENHAM,DUTCHESS,USA
12528,NY,HIGHLAND,ULSTER,USA
12529,NY,HILLSDALE,COLUMBIA,USA
12530,NY,HOLLOWVILLE,COLUMBIA,USA
12531,NY,HOLMES,DUTCHESS,USA
12533,NY,HOPEWELL JUNCTION,DUTCHESS,USA
12534,NY,HUDSON,COLUMBIA,USA
12538,NY,HYDE PARK,DUTCHESS,USA
12540,NY,LAGRANGEVILLE,DUTCHESS,USA
12542,NY,MARLBORO,ULSTER,USA
12543,NY,MAYBROOK,ORANGE,USA
12544,NY,MELLENVILLE,COLUMBIA,USA
12545,NY,MILLBROOK,DUTCHESS,USA
12546,NY,MILLERTON,DUTCHESS,USA
12547,NY,MILTON,ULSTER,USA
12548,NY,MODENA,ULSTER,USA
12549,NY,MONTGOMERY,ORANGE,USA
12550,NY,NEWBURGH,ORANGE,USA
12553,NY,NEW WINDSOR,ORANGE,USA
12561,NY,NEW PALTZ,ULSTER,USA
12563,NY,PATTERSON,PUTNAM,USA
12564,NY,PAWLING,DUTCHESS,USA
12565,NY,PHILMONT,COLUMBIA,USA
12566,NY,PINE BUSH,ULSTER,USA
12567,NY,PINE PLAINS,DUTCHESS,USA
12569,NY,PLEASANT VALLEY,DUTCHESS,USA
12570,NY,POUGHQUAG,DUTCHESS,USA
12571,NY,RED HOOK,DUTCHESS,USA
12572,NY,RHINEBECK,DUTCHESS,USA
12574,NY,RHINECLIFF,DUTCHESS,USA
12575,NY,ROCK TAVERN,ORANGE,USA
12577,NY,SALISBURY MILLS,ORANGE,USA
12578,NY,SALT POINT,DUTCHESS,USA
12580,NY,STAATSBURG,DUTCHESS,USA
12581,NY,STANFORDVILLE,DUTCHESS,USA
12582,NY,STORMVILLE,DUTCHESS,USA
12583,NY,TIVOLI,DUTCHESS,USA
12585,NY,VERBANK,DUTCHESS,USA
12586,NY,WALDEN,ORANGE,USA
12589,NY,WALLKILL,ULSTER,USA
12590,NY,WAPPINGERS FALLS,DUTCHESS,USA
12592,NY,WASSAIC,DUTCHESS,USA
12594,NY,WINGDALE,DUTCHESS,USA
12601,NY,POUGHKEEPSIE,DUTCHESS,USA
12603,NY,POUGHKEEPSIE,DUTCHESS,USA
12604,NY,POUGHKEEPSIE,DUTCHESS,USA
12701,NY,MONTICELLO,SULLIVAN,USA
12719,NY,BARRYVILLE,SULLIVAN,USA
12720,NY,BETHEL,SULLIVAN,USA
12721,NY,BLOOMINGBURG,SULLIVAN,USA
12722,NY,BURLINGHAM,SULLIVAN,USA
12723,NY,CALLICOON,SULLIVAN,USA
12724,NY,CALLICOON CENTER,SULLIVAN,USA
12725,NY,CLARYVILLE,ULSTER,USA
12726,NY,COCHECTON,SULLIVAN,USA
12729,NY,CUDDEBACKVILLE,ORANGE,USA
12732,NY,ELDRED,SULLIVAN,USA
12733,NY,FALLSBURG,SULLIVAN,USA
12734,NY,FERNDALE,SULLIVAN,USA
12736,NY,FREMONT CENTER,SULLIVAN,USA
12737,NY,GLEN SPEY,SULLIVAN,USA
12738,NY,GLEN WILD,SULLIVAN,USA
12740,NY,GRAHAMSVILLE,ULSTER,USA
12741,NY,HANKINS,SULLIVAN,USA
12742,NY,HARRIS,SULLIVAN,USA
12743,NY,HIGHLAND LAKE,SULLIVAN,USA
12745,NY,HORTONVILLE,SULLIVAN,USA
12746,NY,HUGUENOT,ORANGE,USA
12747,NY,HURLEYVILLE,SULLIVAN,USA
12748,NY,JEFFERSONVILLE,SULLIVAN,USA
12749,NY,KAUNEONGA LAKE,SULLIVAN,USA
12750,NY,KENOZA LAKE,SULLIVAN,USA
12751,NY,KIAMESHA LAKE,SULLIVAN,USA
12752,NY,LAKE HUNTINGTON,SULLIVAN,USA
12754,NY,LIBERTY,SULLIVAN,USA
12758,NY,LIVINGSTON MANOR,SULLIVAN,USA
12759,NY,LOCH SHELDRAKE,SULLIVAN,USA
12760,NY,LONG EDDY,DELAWARE,USA
12762,NY,MONGAUP VALLEY,SULLIVAN,USA
12763,NY,MOUNTAIN DALE,SULLIVAN,USA
12764,NY,NARROWSBURG,SULLIVAN,USA
12765,NY,NEVERSINK,SULLIVAN,USA
12766,NY,NORTH BRANCH,SULLIVAN,USA
12767,NY,OBERNBURG,SULLIVAN,USA
12768,NY,PARKSVILLE,SULLIVAN,USA
12769,NY,PHILLIPSPORT,SULLIVAN,USA
12770,NY,POND EDDY,SULLIVAN,USA
12771,NY,PORT JERVIS,ORANGE,USA
12775,NY,ROCK HILL,SULLIVAN,USA
12776,NY,ROSCOE,DELAWARE,USA
12777,NY,FORESTBURGH,SULLIVAN,USA
12778,NY,SMALLWOOD,SULLIVAN,USA
12779,NY,SOUTH FALLSBURG,SULLIVAN,USA
12780,NY,SPARROW BUSH,ORANGE,USA
12781,NY,SUMMITVILLE,SULLIVAN,USA
12783,NY,SWAN LAKE,SULLIVAN,USA
12784,NY,THOMPSONVILLE,SULLIVAN,USA
12785,NY,WESTBROOKVILLE,SULLIVAN,USA
12786,NY,WHITE LAKE,SULLIVAN,USA
12787,NY,WHITE SULPHUR SPRINGS,SULLIVAN,USA
12788,NY,WOODBOURNE,SULLIVAN,USA
12789,NY,WOODRIDGE,SULLIVAN,USA
12790,NY,WURTSBORO,SULLIVAN,USA
12791,NY,YOUNGSVILLE,SULLIVAN,USA
12792,NY,YULAN,SULLIVAN,USA
12801,NY,GLENS FALLS,WARREN,USA
12803,NY,SOUTH GLENS FALLS,SARATOGA,USA
12804,NY,QUEENSBURY,WARREN,USA
12808,NY,ADIRONDACK,WARREN,USA
12809,NY,ARGYLE,WASHINGTON,USA
12810,NY,ATHOL,WARREN,USA
12811,NY,BAKERS MILLS,WARREN,USA
12812,NY,BLUE MOUNTAIN LAKE,HAMILTON,USA
12814,NY,BOLTON LANDING,WARREN,USA
12815,NY,BRANT LAKE,WARREN,USA
12816,NY,CAMBRIDGE,WASHINGTON,USA
12817,NY,CHESTERTOWN,WARREN,USA
12819,NY,CLEMONS,WASHINGTON,USA
12820,NY,CLEVERDALE,WARREN,USA
12821,NY,COMSTOCK,WASHINGTON,USA
12822,NY,CORINTH,SARATOGA,USA
12823,NY,COSSAYUNA,WASHINGTON,USA
12824,NY,DIAMOND POINT,WARREN,USA
12827,NY,FORT ANN,WASHINGTON,USA
12828,NY,FORT EDWARD,WASHINGTON,USA
12831,NY,GANSEVOORT,SARATOGA,USA
12832,NY,GRANVILLE,WASHINGTON,USA
12833,NY,GREENFIELD CENTER,SARATOGA,USA
12834,NY,GREENWICH,WASHINGTON,USA
12835,NY,HADLEY,SARATOGA,USA
12836,NY,HAGUE,WARREN,USA
12837,NY,HAMPTON,WASHINGTON,USA
12838,NY,HARTFORD,WASHINGTON,USA
12839,NY,HUDSON FALLS,WASHINGTON,USA
12841,NY,HULETTS LANDING,WASHINGTON,USA
12842,NY,INDIAN LAKE,HAMILTON,USA
12843,NY,JOHNSBURG,WARREN,USA
12844,NY,KATTSKILL BAY,WARREN,USA
12845,NY,LAKE GEORGE,WARREN,USA
12846,NY,LAKE LUZERNE,WARREN,USA
12847,NY,LONG LAKE,HAMILTON,USA
12849,NY,MIDDLE GRANVILLE,WASHINGTON,USA
12850,NY,MIDDLE GROVE,SARATOGA,USA
12851,NY,MINERVA,ESSEX,USA
12852,NY,NEWCOMB,ESSEX,USA
12853,NY,NORTH CREEK,WARREN,USA
12854,NY,NORTH GRANVILLE,WASHINGTON,USA
12855,NY,NORTH HUDSON,ESSEX,USA
12856,NY,NORTH RIVER,WARREN,USA
12857,NY,OLMSTEDVILLE,ESSEX,USA
12858,NY,PARADOX,ESSEX,USA
12859,NY,PORTER CORNERS,SARATOGA,USA
12860,NY,POTTERSVILLE,WARREN,USA
12861,NY,PUTNAM STATION,WASHINGTON,USA
12862,NY,RIPARIUS,WARREN,USA
12863,NY,ROCK CITY FALLS,SARATOGA,USA
12864,NY,SABAEL,HAMILTON,USA
12865,NY,SALEM,WASHINGTON,USA
12866,NY,SARATOGA SPRINGS,SARATOGA,USA
12870,NY,SCHROON LAKE,ESSEX,USA
12871,NY,SCHUYLERVILLE,SARATOGA,USA
12872,NY,SEVERANCE,ESSEX,USA
12873,NY,SHUSHAN,WASHINGTON,USA
12874,NY,SILVER BAY,WARREN,USA
12878,NY,STONY CREEK,WARREN,USA
12883,NY,TICONDEROGA,ESSEX,USA
12884,NY,VICTORY MILLS,SARATOGA,USA
12885,NY,WARRENSBURG,WARREN,USA
12886,NY,WEVERTOWN,WARREN,USA
12887,NY,WHITEHALL,WASHINGTON,USA
12901,NY,PLATTSBURGH,CLINTON,USA
12903,NY,PLATTSBURGH,CLINTON,USA
12910,NY,ALTONA,CLINTON,USA
12911,NY,KEESEVILLE,CLINTON,USA
12912,NY,AU SABLE FORKS,CLINTON,USA
12913,NY,BLOOMINGDALE,FRANKLIN,USA
12914,NY,BOMBAY,FRANKLIN,USA
12915,NY,BRAINARDSVILLE,FRANKLIN,USA
12916,NY,BRUSHTON,FRANKLIN,USA
12917,NY,BURKE,FRANKLIN,USA
12918,NY,CADYVILLE,CLINTON,USA
12919,NY,CHAMPLAIN,CLINTON,USA
12920,NY,CHATEAUGAY,FRANKLIN,USA
12921,NY,CHAZY,CLINTON,USA
12922,NY,CHILDWOLD,ST. LAWRENCE,USA
12923,NY,CHURUBUSCO,CLINTON,USA
12924,NY,KEESEVILLE,CLINTON,USA
12926,NY,CONSTABLE,FRANKLIN,USA
12927,NY,CRANBERRY LAKE,ST. LAWRENCE,USA
12928,NY,CROWN POINT,ESSEX,USA
12929,NY,DANNEMORA,CLINTON,USA
12930,NY,DICKINSON CENTER,FRANKLIN,USA
12932,NY,ELIZABETHTOWN,ESSEX,USA
12933,NY,ELLENBURG,CLINTON,USA
12934,NY,ELLENBURG CENTER,CLINTON,USA
12935,NY,ELLENBURG DEPOT,CLINTON,USA
12936,NY,ESSEX,ESSEX,USA
12937,NY,FORT COVINGTON,FRANKLIN,USA
12939,NY,GABRIELS,FRANKLIN,USA
12941,NY,JAY,ESSEX,USA
12942,NY,KEENE,ESSEX,USA
12943,NY,KEENE VALLEY,ESSEX,USA
12944,NY,KEESEVILLE,ESSEX,USA
12945,NY,LAKE CLEAR,FRANKLIN,USA
12946,NY,LAKE PLACID,ESSEX,USA
12950,NY,LEWIS,ESSEX,USA
12952,NY,LYON MOUNTAIN,CLINTON,USA
12953,NY,MALONE,FRANKLIN,USA
12955,NY,LYON MOUNTAIN,CLINTON,USA
12956,NY,MINEVILLE,ESSEX,USA
12957,NY,MOIRA,FRANKLIN,USA
12958,NY,MOOERS,CLINTON,USA
12959,NY,MOOERS FORKS,CLINTON,USA
12960,NY,MORIAH,ESSEX,USA
12961,NY,MORIAH CENTER,ESSEX,USA
12962,NY,MORRISONVILLE,CLINTON,USA
12964,NY,NEW RUSSIA,ESSEX,USA
12965,NY,NICHOLVILLE,ST. LAWRENCE,USA
12966,NY,NORTH BANGOR,FRANKLIN,USA
12967,NY,NORTH LAWRENCE,ST. LAWRENCE,USA
12969,NY,OWLS HEAD,FRANKLIN,USA
12970,NY,PAUL SMITHS,FRANKLIN,USA
12972,NY,PERU,CLINTON,USA
12973,NY,PIERCEFIELD,ST. LAWRENCE,USA
12974,NY,PORT HENRY,ESSEX,USA
12975,NY,PORT KENT,ESSEX,USA
12976,NY,RAINBOW LAKE,FRANKLIN,USA
12977,NY,RAY BROOK,ESSEX,USA
12978,NY,REDFORD,CLINTON,USA
12979,NY,ROUSES POINT,CLINTON,USA
12980,NY,SAINT REGIS FALLS,FRANKLIN,USA
12981,NY,SARANAC,CLINTON,USA
12983,NY,SARANAC LAKE,FRANKLIN,USA
12985,NY,SCHUYLER FALLS,CLINTON,USA
12986,NY,TUPPER LAKE,FRANKLIN,USA
12987,NY,UPPER JAY,ESSEX,USA
12989,NY,VERMONTVILLE,FRANKLIN,USA
12992,NY,WEST CHAZY,CLINTON,USA
12993,NY,WESTPORT,ESSEX,USA
12996,NY,WILLSBORO,ESSEX,USA
12997,NY,WILMINGTON,ESSEX,USA
12998,NY,WITHERBEE,ESSEX,USA
13020,NY,APULIA STATION,ONONDAGA,USA
13021,NY,AUBURN,CAYUGA,USA
13024,NY,AUBURN,CAYUGA,USA
13026,NY,AURORA,CAYUGA,USA
13027,NY,BALDWINSVILLE,ONONDAGA,USA
13028,NY,BERNHARDS BAY,OSWEGO,USA
13029,NY,BREWERTON,ONONDAGA,USA
13030,NY,BRIDGEPORT,MADISON,USA
13031,NY,CAMILLUS,ONONDAGA,USA
13032,NY,CANASTOTA,MADISON,USA
13033,NY,CATO,CAYUGA,USA
13034,NY,CAYUGA,CAYUGA,USA
13035,NY,CAZENOVIA,MADISON,USA
13036,NY,CENTRAL SQUARE,OSWEGO,USA
13037,NY,CHITTENANGO,MADISON,USA
13039,NY,CICERO,ONONDAGA,USA
13040,NY,CINCINNATUS,CORTLAND,USA
13041,NY,CLAY,ONONDAGA,USA
13042,NY,CLEVELAND,ONEIDA,USA
13044,NY,CONSTANTIA,OSWEGO,USA
13045,NY,CORTLAND,CORTLAND,USA
13051,NY,DELPHI FALLS,ONONDAGA,USA
13052,NY,DE RUYTER,MADISON,USA
13053,NY,DRYDEN,TOMPKINS,USA
13054,NY,DURHAMVILLE,ONEIDA,USA
13057,NY,EAST SYRACUSE,ONONDAGA,USA
13060,NY,ELBRIDGE,ONONDAGA,USA
13061,NY,ERIEVILLE,MADISON,USA
13062,NY,ETNA,TOMPKINS,USA
13063,NY,FABIUS,ONONDAGA,USA
13065,NY,FAYETTE,SENECA,USA
13066,NY,FAYETTEVILLE,ONONDAGA,USA
13068,NY,FREEVILLE,TOMPKINS,USA
13069,NY,FULTON,OSWEGO,USA
13071,NY,GENOA,CAYUGA,USA
13072,NY,GEORGETOWN,MADISON,USA
13073,NY,GROTON,TOMPKINS,USA
13074,NY,HANNIBAL,OSWEGO,USA
13076,NY,HASTINGS,OSWEGO,USA
13077,NY,HOMER,CORTLAND,USA
13078,NY,JAMESVILLE,ONONDAGA,USA
13080,NY,JORDAN,ONONDAGA,USA
13081,NY,KING FERRY,CAYUGA,USA
13082,NY,KIRKVILLE,MADISON,USA
13083,NY,LACONA,OSWEGO,USA
13084,NY,LA FAYETTE,ONONDAGA,USA
13087,NY,LITTLE YORK,CORTLAND,USA
13088,NY,LIVERPOOL,ONONDAGA,USA
13090,NY,LIVERPOOL,ONONDAGA,USA
13092,NY,LOCKE,CAYUGA,USA
13101,NY,MCGRAW,CORTLAND,USA
13102,NY,MCLEAN,TOMPKINS,USA
13103,NY,MALLORY,OSWEGO,USA
13104,NY,MANLIUS,ONONDAGA,USA
13108,NY,MARCELLUS,ONONDAGA,USA
13110,NY,MARIETTA,ONONDAGA,USA
13111,NY,MARTVILLE,CAYUGA,USA
13112,NY,MEMPHIS,ONONDAGA,USA
13113,NY,MERIDIAN,CAYUGA,USA
13114,NY,MEXICO,OSWEGO,USA
13115,NY,MINETTO,OSWEGO,USA
13116,NY,MINOA,ONONDAGA,USA
13117,NY,MONTEZUMA,CAYUGA,USA
13118,NY,MORAVIA,CAYUGA,USA
13119,NY,MOTTVILLE,ONONDAGA,USA
13120,NY,NEDROW,ONONDAGA,USA
13121,NY,NEW HAVEN,OSWEGO,USA
13122,NY,NEW WOODSTOCK,MADISON,USA
13123,NY,NORTH BAY,ONEIDA,USA
13124,NY,NORTH PITCHER,CHENANGO,USA
13126,NY,OSWEGO,OSWEGO,USA
13131,NY,PARISH,OSWEGO,USA
13132,NY,PENNELLVILLE,OSWEGO,USA
13134,NY,PETERBORO,MADISON,USA
13135,NY,PHOENIX,OSWEGO,USA
13136,NY,PITCHER,CHENANGO,USA
13138,NY,POMPEY,ONONDAGA,USA
13140,NY,PORT BYRON,CAYUGA,USA
13141,NY,PREBLE,CORTLAND,USA
13142,NY,PULASKI,OSWEGO,USA
13143,NY,RED CREEK,WAYNE,USA
13144,NY,RICHLAND,OSWEGO,USA
13145,NY,SANDY CREEK,OSWEGO,USA
13146,NY,SAVANNAH,WAYNE,USA
13147,NY,SCIPIO CENTER,CAYUGA,USA
13148,NY,SENECA FALLS,SENECA,USA
13152,NY,SKANEATELES,ONONDAGA,USA
13153,NY,SKANEATELES FALLS,ONONDAGA,USA
13154,NY,SOUTH BUTLER,WAYNE,USA
13155,NY,SOUTH OTSELIC,CHENANGO,USA
13156,NY,STERLING,CAYUGA,USA
13157,NY,SYLVAN BEACH,ONEIDA,USA
13158,NY,TRUXTON,CORTLAND,USA
13159,NY,TULLY,ONONDAGA,USA
13160,NY,UNION SPRINGS,CAYUGA,USA
13162,NY,VERONA BEACH,ONEIDA,USA
13163,NY,WAMPSVILLE,MADISON,USA
13164,NY,WARNERS,ONONDAGA,USA
13165,NY,WATERLOO,SENECA,USA
13166,NY,WEEDSPORT,CAYUGA,USA
13167,NY,WEST MONROE,OSWEGO,USA
13202,NY,SYRACUSE,ONONDAGA,USA
13203,NY,SYRACUSE,ONONDAGA,USA
13204,NY,SYRACUSE,ONONDAGA,USA
13205,NY,SYRACUSE,ONONDAGA,USA
13206,NY,SYRACUSE,ONONDAGA,USA
13207,NY,SYRACUSE,ONONDAGA,USA
13208,NY,SYRACUSE,ONONDAGA,USA
13209,NY,SYRACUSE,ONONDAGA,USA
13210,NY,SYRACUSE,ONONDAGA,USA
13211,NY,SYRACUSE,ONONDAGA,USA
13212,NY,SYRACUSE,ONONDAGA,USA
13214,NY,SYRACUSE,ONONDAGA,USA
13215,NY,SYRACUSE,ONONDAGA,USA
13219,NY,SYRACUSE,ONONDAGA,USA
13224,NY,SYRACUSE,ONONDAGA,USA
13244,NY,SYRACUSE,ONONDAGA,USA
13290,NY,SYRACUSE,ONONDAGA,USA
13301,NY,ALDER CREEK,ONEIDA,USA
13302,NY,ALTMAR,OSWEGO,USA
13303,NY,AVA,ONEIDA,USA
13304,NY,BARNEVELD,ONEIDA,USA
13305,NY,BEAVER FALLS,LEWIS,USA
13308,NY,BLOSSVALE,ONEIDA,USA
13309,NY,BOONVILLE,ONEIDA,USA
13310,NY,BOUCKVILLE,MADISON,USA
13312,NY,BRANTINGHAM,LEWIS,USA
13313,NY,BRIDGEWATER,ONEIDA,USA
13314,NY,BROOKFIELD,MADISON,USA
13315,NY,BURLINGTON FLATS,OTSEGO,USA
13316,NY,CAMDEN,ONEIDA,USA
13317,NY,CANAJOHARIE,MONTGOMERY,USA
13318,NY,CASSVILLE,ONEIDA,USA
13319,NY,CHADWICKS,ONEIDA,USA
13320,NY,CHERRY VALLEY,OTSEGO,USA
13321,NY,CLARK MILLS,ONEIDA,USA
13322,NY,CLAYVILLE,HERKIMER,USA
13323,NY,CLINTON,ONEIDA,USA
13324,NY,COLD BROOK,HERKIMER,USA
13325,NY,CONSTABLEVILLE,LEWIS,USA
13326,NY,COOPERSTOWN,OTSEGO,USA
13327,NY,CROGHAN,LEWIS,USA
13328,NY,DEANSBORO,ONEIDA,USA
13329,NY,DOLGEVILLE,FULTON,USA
13331,NY,EAGLE BAY,HERKIMER,USA
13332,NY,EARLVILLE,MADISON,USA
13333,NY,EAST SPRINGFIELD,OTSEGO,USA
13334,NY,EATON,MADISON,USA
13335,NY,EDMESTON,OTSEGO,USA
13337,NY,FLY CREEK,OTSEGO,USA
13338,NY,FORESTPORT,HERKIMER,USA
13339,NY,FORT PLAIN,MONTGOMERY,USA
13340,NY,FRANKFORT,HERKIMER,USA
13342,NY,GARRATTSVILLE,OTSEGO,USA
13343,NY,GLENFIELD,LEWIS,USA
13345,NY,GREIG,LEWIS,USA
13346,NY,HAMILTON,MADISON,USA
13348,NY,HARTWICK,OTSEGO,USA
13350,NY,HERKIMER,HERKIMER,USA
13352,NY,HINCKLEY,ONEIDA,USA
13353,NY,HOFFMEISTER,HAMILTON,USA
13354,NY,HOLLAND PATENT,ONEIDA,USA
13355,NY,HUBBARDSVILLE,MADISON,USA
13357,NY,ILION,HERKIMER,USA
13360,NY,INLET,HAMILTON,USA
13361,NY,JORDANVILLE,HERKIMER,USA
13363,NY,LEE CENTER,ONEIDA,USA
13364,NY,LEONARDSVILLE,MADISON,USA
13365,NY,LITTLE FALLS,HERKIMER,USA
13367,NY,LOWVILLE,LEWIS,USA
13368,NY,LYONS FALLS,LEWIS,USA
13402,NY,MADISON,MADISON,USA
13403,NY,MARCY,ONEIDA,USA
13404,NY,MARTINSBURG,LEWIS,USA
13406,NY,MIDDLEVILLE,HERKIMER,USA
13407,NY,MOHAWK,HERKIMER,USA
13408,NY,MORRISVILLE,MADISON,USA
13409,NY,MUNNSVILLE,MADISON,USA
13410,NY,NELLISTON,MONTGOMERY,USA
13411,NY,NEW BERLIN,OTSEGO,USA
13413,NY,NEW HARTFORD,ONEIDA,USA
13415,NY,NEW LISBON,OTSEGO,USA
13416,NY,NEWPORT,HERKIMER,USA
13417,NY,NEW YORK MILLS,ONEIDA,USA
13418,NY,NORTH BROOKFIELD,MADISON,USA
13420,NY,OLD FORGE,HERKIMER,USA
13421,NY,ONEIDA,MADISON,USA
13424,NY,ORISKANY,ONEIDA,USA
13425,NY,ORISKANY FALLS,ONEIDA,USA
13428,NY,PALATINE BRIDGE,MONTGOMERY,USA
13431,NY,POLAND,HERKIMER,USA
13433,NY,PORT LEYDEN,LEWIS,USA
13435,NY,PROSPECT,ONEIDA,USA
13436,NY,RAQUETTE LAKE,HAMILTON,USA
13437,NY,REDFIELD,OSWEGO,USA
13438,NY,REMSEN,ONEIDA,USA
13439,NY,RICHFIELD SPRINGS,OTSEGO,USA
13440,NY,ROME,ONEIDA,USA
13441,NY,ROME,ONEIDA,USA
13450,NY,ROSEBOOM,OTSEGO,USA
13452,NY,SAINT JOHNSVILLE,FULTON,USA
13454,NY,SALISBURY CENTER,HERKIMER,USA
13455,NY,SANGERFIELD,ONEIDA,USA
13456,NY,SAUQUOIT,ONEIDA,USA
13457,NY,SCHUYLER LAKE,OTSEGO,USA
13459,NY,SHARON SPRINGS,SCHOHARIE,USA
13460,NY,SHERBURNE,CHENANGO,USA
13461,NY,SHERRILL,ONEIDA,USA
13464,NY,SMYRNA,CHENANGO,USA
13468,NY,SPRINGFIELD CENTER,OTSEGO,USA
13469,NY,STITTVILLE,ONEIDA,USA
13470,NY,STRATFORD,FULTON,USA
13471,NY,TABERG,ONEIDA,USA
13472,NY,THENDARA,HERKIMER,USA
13473,NY,TURIN,LEWIS,USA
13475,NY,VAN HORNESVILLE,HERKIMER,USA
13476,NY,VERNON,ONEIDA,USA
13477,NY,VERNON CENTER,ONEIDA,USA
13478,NY,VERONA,ONEIDA,USA
13480,NY,WATERVILLE,ONEIDA,USA
13482,NY,WEST BURLINGTON,OTSEGO,USA
13483,NY,WESTDALE,ONEIDA,USA
13484,NY,WEST EATON,MADISON,USA
13485,NY,WEST EDMESTON,MADISON,USA
13486,NY,WESTERNVILLE,ONEIDA,USA
13488,NY,WESTFORD,OTSEGO,USA
13489,NY,WEST LEYDEN,LEWIS,USA
13490,NY,WESTMORELAND,ONEIDA,USA
13491,NY,WEST WINFIELD,OTSEGO,USA
13492,NY,WHITESBORO,ONEIDA,USA
13493,NY,WILLIAMSTOWN,OSWEGO,USA
13494,NY,WOODGATE,ONEIDA,USA
13495,NY,YORKVILLE,ONEIDA,USA
13501,NY,UTICA,ONEIDA,USA
13502,NY,UTICA,ONEIDA,USA
13601,NY,WATERTOWN,JEFFERSON,USA
13602,NY,FORT DRUM,JEFFERSON,USA
13603,NY,WATERTOWN,JEFFERSON,USA
13605,NY,ADAMS,JEFFERSON,USA
13606,NY,ADAMS CENTER,JEFFERSON,USA
13607,NY,ALEXANDRIA BAY,JEFFERSON,USA
13608,NY,ANTWERP,JEFFERSON,USA
13611,NY,BELLEVILLE,JEFFERSON,USA
13612,NY,BLACK RIVER,JEFFERSON,USA
13613,NY,BRASHER FALLS,ST. LAWRENCE,USA
13614,NY,BRIER HILL,ST. LAWRENCE,USA
13615,NY,BROWNVILLE,JEFFERSON,USA
13616,NY,CALCIUM,JEFFERSON,USA
13617,NY,CANTON,ST. LAWRENCE,USA
13618,NY,CAPE VINCENT,JEFFERSON,USA
13619,NY,CARTHAGE,JEFFERSON,USA
13620,NY,CASTORLAND,LEWIS,USA
13621,NY,CHASE MILLS,ST. LAWRENCE,USA
13622,NY,CHAUMONT,JEFFERSON,USA
13623,NY,CHIPPEWA BAY,ST. LAWRENCE,USA
13624,NY,CLAYTON,JEFFERSON,USA
13625,NY,COLTON,ST. LAWRENCE,USA
13626,NY,COPENHAGEN,LEWIS,USA
13628,NY,DEFERIET,JEFFERSON,USA
13630,NY,DE KALB JUNCTION,ST. LAWRENCE,USA
13632,NY,DEPAUVILLE,JEFFERSON,USA
13633,NY,DE PEYSTER,ST. LAWRENCE,USA
13634,NY,DEXTER,JEFFERSON,USA
13635,NY,EDWARDS,ST. LAWRENCE,USA
13636,NY,ELLISBURG,JEFFERSON,USA
13637,NY,EVANS MILLS,JEFFERSON,USA
13638,NY,FELTS MILLS,JEFFERSON,USA
13639,NY,FINE,ST. LAWRENCE,USA
13640,NY,WELLESLEY ISLAND,JEFFERSON,USA
13641,NY,FISHERS LANDING,JEFFERSON,USA
13642,NY,GOUVERNEUR,ST. LAWRENCE,USA
13643,NY,GREAT BEND,JEFFERSON,USA
13645,NY,HAILESBORO,ST. LAWRENCE,USA
13646,NY,HAMMOND,ST. LAWRENCE,USA
13647,NY,HANNAWA FALLS,ST. LAWRENCE,USA
13648,NY,HARRISVILLE,LEWIS,USA
13649,NY,HELENA,ST. LAWRENCE,USA
13650,NY,HENDERSON,JEFFERSON,USA
13651,NY,HENDERSON HARBOR,JEFFERSON,USA
13652,NY,HERMON,ST. LAWRENCE,USA
13654,NY,HEUVELTON,ST. LAWRENCE,USA
13655,NY,HOGANSBURG,FRANKLIN,USA
13656,NY,LA FARGEVILLE,JEFFERSON,USA
13658,NY,LISBON,ST. LAWRENCE,USA
13659,NY,LORRAINE,JEFFERSON,USA
13660,NY,MADRID,ST. LAWRENCE,USA
13661,NY,MANNSVILLE,JEFFERSON,USA
13662,NY,MASSENA,ST. LAWRENCE,USA
13664,NY,MORRISTOWN,ST. LAWRENCE,USA
13665,NY,NATURAL BRIDGE,LEWIS,USA
13666,NY,NEWTON FALLS,ST. LAWRENCE,USA
13667,NY,NORFOLK,ST. LAWRENCE,USA
13668,NY,NORWOOD,ST. LAWRENCE,USA
13669,NY,OGDENSBURG,ST. LAWRENCE,USA
13670,NY,OSWEGATCHIE,ST. LAWRENCE,USA
13672,NY,PARISHVILLE,ST. LAWRENCE,USA
13673,NY,PHILADELPHIA,JEFFERSON,USA
13674,NY,PIERREPONT MANOR,JEFFERSON,USA
13675,NY,PLESSIS,JEFFERSON,USA
13676,NY,POTSDAM,ST. LAWRENCE,USA
13678,NY,RAYMONDVILLE,ST. LAWRENCE,USA
13679,NY,REDWOOD,JEFFERSON,USA
13680,NY,RENSSELAER FALLS,ST. LAWRENCE,USA
13681,NY,RICHVILLE,ST. LAWRENCE,USA
13682,NY,RODMAN,JEFFERSON,USA
13683,NY,ROOSEVELTOWN,ST. LAWRENCE,USA
13684,NY,RUSSELL,ST. LAWRENCE,USA
13685,NY,SACKETS HARBOR,JEFFERSON,USA
13687,NY,SOUTH COLTON,ST. LAWRENCE,USA
13690,NY,STAR LAKE,ST. LAWRENCE,USA
13691,NY,THERESA,JEFFERSON,USA
13692,NY,THOUSAND ISLAND PARK,JEFFERSON,USA
13693,NY,THREE MILE BAY,JEFFERSON,USA
13694,NY,WADDINGTON,ST. LAWRENCE,USA
13695,NY,WANAKENA,ST. LAWRENCE,USA
13696,NY,WEST STOCKHOLM,ST. LAWRENCE,USA
13697,NY,WINTHROP,ST. LAWRENCE,USA
13699,NY,POTSDAM,ST. LAWRENCE,USA
13730,NY,AFTON,CHENANGO,USA
13731,NY,ANDES,DELAWARE,USA
13732,NY,APALACHIN,TIOGA,USA
13733,NY,BAINBRIDGE,CHENANGO,USA
13734,NY,BARTON,TIOGA,USA
13736,NY,BERKSHIRE,TIOGA,USA
13738,NY,BLODGETT MILLS,CORTLAND,USA
13739,NY,BLOOMVILLE,DELAWARE,USA
13740,NY,BOVINA CENTER,DELAWARE,USA
13743,NY,CANDOR,TIOGA,USA
13744,NY,CASTLE CREEK,BROOME,USA
13746,NY,CHENANGO FORKS,BROOME,USA
13747,NY,COLLIERSVILLE,OTSEGO,USA
13748,NY,CONKLIN,BROOME,USA
13750,NY,DAVENPORT,DELAWARE,USA
13751,NY,DAVENPORT CENTER,DELAWARE,USA
13752,NY,DELANCEY,DELAWARE,USA
13753,NY,DELHI,DELAWARE,USA
13754,NY,DEPOSIT,BROOME,USA
13755,NY,DOWNSVILLE,DELAWARE,USA
13756,NY,EAST BRANCH,DELAWARE,USA
13757,NY,EAST MEREDITH,DELAWARE,USA
13760,NY,ENDICOTT,BROOME,USA
13774,NY,FISHS EDDY,DELAWARE,USA
13775,NY,FRANKLIN,DELAWARE,USA
13776,NY,GILBERTSVILLE,OTSEGO,USA
13777,NY,GLEN AUBREY,BROOME,USA
13778,NY,GREENE,CHENANGO,USA
13780,NY,GUILFORD,CHENANGO,USA
13782,NY,HAMDEN,DELAWARE,USA
13783,NY,HANCOCK,DELAWARE,USA
13784,NY,HARFORD,CORTLAND,USA
13786,NY,HARPERSFIELD,DELAWARE,USA
13787,NY,HARPURSVILLE,BROOME,USA
13788,NY,HOBART,DELAWARE,USA
13790,NY,JOHNSON CITY,BROOME,USA
13795,NY,KIRKWOOD,BROOME,USA
13796,NY,LAURENS,OTSEGO,USA
13797,NY,LISLE,BROOME,USA
13801,NY,MCDONOUGH,CHENANGO,USA
13802,NY,MAINE,BROOME,USA
13803,NY,MARATHON,CORTLAND,USA
13804,NY,MASONVILLE,DELAWARE,USA
13806,NY,MERIDALE,DELAWARE,USA
13807,NY,MILFORD,OTSEGO,USA
13808,NY,MORRIS,OTSEGO,USA
13809,NY,MOUNT UPTON,OTSEGO,USA
13810,NY,MOUNT VISION,OTSEGO,USA
13811,NY,NEWARK VALLEY,TIOGA,USA
13812,NY,NICHOLS,TIOGA,USA
13813,NY,NINEVEH,BROOME,USA
13814,NY,NORTH NORWICH,CHENANGO,USA
13815,NY,NORWICH,CHENANGO,USA
13820,NY,ONEONTA,OTSEGO,USA
13825,NY,OTEGO,OTSEGO,USA
13826,NY,OUAQUAGA,BROOME,USA
13827,NY,OWEGO,TIOGA,USA
13830,NY,OXFORD,CHENANGO,USA
13832,NY,PLYMOUTH,CHENANGO,USA
13833,NY,PORT CRANE,BROOME,USA
13834,NY,PORTLANDVILLE,OTSEGO,USA
13835,NY,RICHFORD,TIOGA,USA
13838,NY,SIDNEY,DELAWARE,USA
13839,NY,SIDNEY CENTER,DELAWARE,USA
13841,NY,SMITHVILLE FLATS,CHENANGO,USA
13842,NY,SOUTH KORTRIGHT,DELAWARE,USA
13843,NY,SOUTH NEW BERLIN,OTSEGO,USA
13844,NY,SOUTH PLYMOUTH,CHENANGO,USA
13846,NY,TREADWELL,DELAWARE,USA
13847,NY,TROUT CREEK,DELAWARE,USA
13849,NY,UNADILLA,OTSEGO,USA
13850,NY,VESTAL,BROOME,USA
13856,NY,WALTON,DELAWARE,USA
13859,NY,WELLS BRIDGE,OTSEGO,USA
13860,NY,WEST DAVENPORT,DELAWARE,USA
13861,NY,WEST ONEONTA,OTSEGO,USA
13862,NY,WHITNEY POINT,BROOME,USA
13863,NY,WILLET,CORTLAND,USA
13864,NY,WILLSEYVILLE,TIOGA,USA
13865,NY,WINDSOR,BROOME,USA
13901,NY,BINGHAMTON,BROOME,USA
13902,NY,BINGHAMTON,BROOME,USA
13903,NY,BINGHAMTON,BROOME,USA
13904,NY,BINGHAMTON,BROOME,USA
13905,NY,BINGHAMTON,BROOME,USA
14001,NY,AKRON,ERIE,USA
14004,NY,ALDEN,ERIE,USA
14005,NY,ALEXANDER,GENESEE,USA
14006,NY,ANGOLA,ERIE,USA
14008,NY,APPLETON,NIAGARA,USA
14009,NY,ARCADE,WYOMING,USA
14011,NY,ATTICA,WYOMING,USA
14012,NY,BARKER,NIAGARA,USA
14013,NY,BASOM,GENESEE,USA
14020,NY,BATAVIA,GENESEE,USA
14024,NY,BLISS,WYOMING,USA
14025,NY,BOSTON,ERIE,USA
14026,NY,BOWMANSVILLE,ERIE,USA
14027,NY,BRANT,ERIE,USA
14028,NY,BURT,NIAGARA,USA
14029,NY,CENTERVILLE,ALLEGANY,USA
14030,NY,CHAFFEE,ERIE,USA
14031,NY,CLARENCE,ERIE,USA
14032,NY,CLARENCE CENTER,ERIE,USA
14033,NY,COLDEN,ERIE,USA
14034,NY,COLLINS,ERIE,USA
14035,NY,COLLINS CENTER,ERIE,USA
14036,NY,CORFU,GENESEE,USA
14037,NY,COWLESVILLE,WYOMING,USA
14039,NY,DALE,WYOMING,USA
14040,NY,DARIEN CENTER,GENESEE,USA
14041,NY,DAYTON,CATTARAUGUS,USA
14042,NY,DELEVAN,CATTARAUGUS,USA
14043,NY,DEPEW,ERIE,USA
14047,NY,DERBY,ERIE,USA
14048,NY,DUNKIRK,CHAUTAUQUA,USA
14051,NY,EAST AMHERST,ERIE,USA
14052,NY,EAST AURORA,ERIE,USA
14054,NY,EAST BETHANY,GENESEE,USA
14055,NY,EAST CONCORD,ERIE,USA
14056,NY,EAST PEMBROKE,GENESEE,USA
14057,NY,EDEN,ERIE,USA
14058,NY,ELBA,GENESEE,USA
14059,NY,ELMA,ERIE,USA
14060,NY,FARMERSVILLE STATION,ALLEGANY,USA
14061,NY,FARNHAM,ERIE,USA
14062,NY,FORESTVILLE,CHAUTAUQUA,USA
14063,NY,FREDONIA,CHAUTAUQUA,USA
14065,NY,FREEDOM,CATTARAUGUS,USA
14066,NY,GAINESVILLE,WYOMING,USA
14067,NY,GASPORT,NIAGARA,USA
14068,NY,GETZVILLE,ERIE,USA
14069,NY,GLENWOOD,ERIE,USA
14070,NY,GOWANDA,CATTARAUGUS,USA
14072,NY,GRAND ISLAND,ERIE,USA
14075,NY,HAMBURG,ERIE,USA
14080,NY,HOLLAND,ERIE,USA
14081,NY,IRVING,ERIE,USA
14082,NY,JAVA CENTER,WYOMING,USA
14083,NY,JAVA VILLAGE,WYOMING,USA
14085,NY,LAKE VIEW,ERIE,USA
14086,NY,LANCASTER,ERIE,USA
14091,NY,LAWTONS,ERIE,USA
14092,NY,LEWISTON,NIAGARA,USA
14094,NY,LOCKPORT,NIAGARA,USA
14098,NY,LYNDONVILLE,ORLEANS,USA
14101,NY,MACHIAS,CATTARAUGUS,USA
14102,NY,MARILLA,ERIE,USA
14103,NY,MEDINA,ORLEANS,USA
14105,NY,MIDDLEPORT,NIAGARA,USA
14108,NY,NEWFANE,NIAGARA,USA
14109,NY,NIAGARA UNIVERSITY,NIAGARA,USA
14111,NY,NORTH COLLINS,ERIE,USA
14112,NY,NORTH EVANS,ERIE,USA
14113,NY,NORTH JAVA,WYOMING,USA
14120,NY,NORTH TONAWANDA,NIAGARA,USA
14125,NY,OAKFIELD,GENESEE,USA
14126,NY,OLCOTT,NIAGARA,USA
14127,NY,ORCHARD PARK,ERIE,USA
14129,NY,PERRYSBURG,CATTARAUGUS,USA
14130,NY,PIKE,WYOMING,USA
14131,NY,RANSOMVILLE,NIAGARA,USA
14132,NY,SANBORN,NIAGARA,USA
14134,NY,SARDINIA,ERIE,USA
14135,NY,SHERIDAN,CHAUTAUQUA,USA
14136,NY,SILVER CREEK,CHAUTAUQUA,USA
14138,NY,SOUTH DAYTON,CATTARAUGUS,USA
14139,NY,SOUTH WALES,ERIE,USA
14141,NY,SPRINGVILLE,ERIE,USA
14143,NY,STAFFORD,GENESEE,USA
14145,NY,STRYKERSVILLE,WYOMING,USA
14150,NY,TONAWANDA,ERIE,USA
14166,NY,VAN BUREN POINT,CHAUTAUQUA,USA
14167,NY,VARYSBURG,WYOMING,USA
14168,NY,VERSAILLES,CATTARAUGUS,USA
14169,NY,WALES CENTER,ERIE,USA
14170,NY,WEST FALLS,ERIE,USA
14171,NY,WEST VALLEY,CATTARAUGUS,USA
14172,NY,WILSON,NIAGARA,USA
14173,NY,YORKSHIRE,CATTARAUGUS,USA
14174,NY,YOUNGSTOWN,NIAGARA,USA
14201,NY,BUFFALO,ERIE,USA
14202,NY,BUFFALO,ERIE,USA
14203,NY,BUFFALO,ERIE,USA
14204,NY,BUFFALO,ERIE,USA
14206,NY,BUFFALO,ERIE,USA
14207,NY,BUFFALO,ERIE,USA
14208,NY,BUFFALO,ERIE,USA
14209,NY,BUFFALO,ERIE,USA
14210,NY,BUFFALO,ERIE,USA
14211,NY,BUFFALO,ERIE,USA
14212,NY,BUFFALO,ERIE,USA
14213,NY,BUFFALO,ERIE,USA
14214,NY,BUFFALO,ERIE,USA
14215,NY,BUFFALO,ERIE,USA
14216,NY,BUFFALO,ERIE,USA
14217,NY,BUFFALO,ERIE,USA
14218,NY,BUFFALO,ERIE,USA
14219,NY,BUFFALO,ERIE,USA
14220,NY,BUFFALO,ERIE,USA
14221,NY,BUFFALO,ERIE,USA
14222,NY,BUFFALO,ERIE,USA
14223,NY,BUFFALO,ERIE,USA
14224,NY,BUFFALO,ERIE,USA
14225,NY,BUFFALO,ERIE,USA
14226,NY,BUFFALO,ERIE,USA
14227,NY,BUFFALO,ERIE,USA
14228,NY,BUFFALO,ERIE,USA
14260,NY,BUFFALO,ERIE,USA
14261,NY,BUFFALO,ERIE,USA
14301,NY,NIAGARA FALLS,NIAGARA,USA
14302,NY,NIAGARA FALLS,NIAGARA,USA
14303,NY,NIAGARA FALLS,NIAGARA,USA
14304,NY,NIAGARA FALLS,NIAGARA,USA
14305,NY,NIAGARA FALLS,NIAGARA,USA
14411,NY,ALBION,ORLEANS,USA
14413,NY,ALTON,WAYNE,USA
14414,NY,AVON,LIVINGSTON,USA
14415,NY,BELLONA,YATES,USA
14416,NY,BERGEN,GENESEE,USA
14418,NY,BRANCHPORT,YATES,USA
14420,NY,BROCKPORT,MONROE,USA
14422,NY,BYRON,GENESEE,USA
14423,NY,CALEDONIA,LIVINGSTON,USA
14424,NY,CANANDAIGUA,ONTARIO,USA
14425,NY,FARMINGTON,ONTARIO,USA
14427,NY,CASTILE,WYOMING,USA
14428,NY,CHURCHVILLE,MONROE,USA
14432,NY,CLIFTON SPRINGS,ONTARIO,USA
14433,NY,CLYDE,WAYNE,USA
14435,NY,CONESUS,LIVINGSTON,USA
14437,NY,DANSVILLE,LIVINGSTON,USA
14441,NY,DRESDEN,YATES,USA
14445,NY,EAST ROCHESTER,MONROE,USA
14450,NY,FAIRPORT,MONROE,USA
14453,NY,FISHERS,ONTARIO,USA
14454,NY,GENESEO,LIVINGSTON,USA
14456,NY,GENEVA,ONTARIO,USA
14462,NY,GROVELAND,LIVINGSTON,USA
14463,NY,HALL,ONTARIO,USA
14464,NY,HAMLIN,MONROE,USA
14466,NY,HEMLOCK,ONTARIO,USA
14467,NY,HENRIETTA,MONROE,USA
14468,NY,HILTON,MONROE,USA
14469,NY,BLOOMFIELD,ONTARIO,USA
14470,NY,HOLLEY,ORLEANS,USA
14471,NY,HONEOYE,ONTARIO,USA
14472,NY,HONEOYE FALLS,MONROE,USA
14475,NY,IONIA,ONTARIO,USA
14476,NY,KENDALL,ORLEANS,USA
14477,NY,KENT,ORLEANS,USA
14478,NY,KEUKA PARK,YATES,USA
14479,NY,KNOWLESVILLE,ORLEANS,USA
14480,NY,LAKEVILLE,LIVINGSTON,USA
14481,NY,LEICESTER,LIVINGSTON,USA
14482,NY,LE ROY,GENESEE,USA
14485,NY,LIMA,LIVINGSTON,USA
14486,NY,LINWOOD,LIVINGSTON,USA
14487,NY,LIVONIA,LIVINGSTON,USA
14489,NY,LYONS,WAYNE,USA
14502,NY,MACEDON,WAYNE,USA
14504,NY,MANCHESTER,ONTARIO,USA
14505,NY,MARION,WAYNE,USA
14506,NY,MENDON,MONROE,USA
14507,NY,MIDDLESEX,YATES,USA
14510,NY,MOUNT MORRIS,LIVINGSTON,USA
14511,NY,MUMFORD,MONROE,USA
14512,NY,NAPLES,ONTARIO,USA
14513,NY,NEWARK,WAYNE,USA
14514,NY,NORTH CHILI,MONROE,USA
14515,NY,NORTH GREECE,MONROE,USA
14516,NY,NORTH ROSE,WAYNE,USA
14517,NY,NUNDA,LIVINGSTON,USA
14519,NY,ONTARIO,WAYNE,USA
14521,NY,OVID,SENECA,USA
14522,NY,PALMYRA,WAYNE,USA
14525,NY,PAVILION,GENESEE,USA
14526,NY,PENFIELD,MONROE,USA
14527,NY,PENN YAN,YATES,USA
14529,NY,PERKINSVILLE,STEUBEN,USA
14530,NY,PERRY,WYOMING,USA
14532,NY,PHELPS,ONTARIO,USA
14533,NY,PIFFARD,LIVINGSTON,USA
14534,NY,PITTSFORD,MONROE,USA
14536,NY,PORTAGEVILLE,WYOMING,USA
14537,NY,PORT GIBSON,ONTARIO,USA
14539,NY,RETSOF,LIVINGSTON,USA
14541,NY,ROMULUS,SENECA,USA
14542,NY,ROSE,WAYNE,USA
14543,NY,RUSH,MONROE,USA
14544,NY,RUSHVILLE,YATES,USA
14545,NY,SCOTTSBURG,LIVINGSTON,USA
14546,NY,SCOTTSVILLE,MONROE,USA
14548,NY,SHORTSVILLE,ONTARIO,USA
14549,NY,SILVER LAKE,WYOMING,USA
14550,NY,SILVER SPRINGS,WYOMING,USA
14551,NY,SODUS,WAYNE,USA
14555,NY,SODUS POINT,WAYNE,USA
14556,NY,SONYEA,LIVINGSTON,USA
14557,NY,SOUTH BYRON,GENESEE,USA
14559,NY,SPENCERPORT,MONROE,USA
14560,NY,SPRINGWATER,ONTARIO,USA
14561,NY,STANLEY,ONTARIO,USA
14564,NY,VICTOR,ONTARIO,USA
14568,NY,WALWORTH,WAYNE,USA
14569,NY,WARSAW,WYOMING,USA
14571,NY,WATERPORT,ORLEANS,USA
14572,NY,WAYLAND,STEUBEN,USA
14580,NY,WEBSTER,MONROE,USA
14585,NY,WEST BLOOMFIELD,ONTARIO,USA
14586,NY,WEST HENRIETTA,MONROE,USA
14588,NY,WILLARD,SENECA,USA
14589,NY,WILLIAMSON,WAYNE,USA
14590,NY,WOLCOTT,WAYNE,USA
14591,NY,WYOMING,WYOMING,USA
14592,NY,YORK,LIVINGSTON,USA
14604,NY,ROCHESTER,MONROE,USA
14605,NY,ROCHESTER,MONROE,USA
14606,NY,ROCHESTER,MONROE,USA
14607,NY,ROCHESTER,MONROE,USA
14608,NY,ROCHESTER,MONROE,USA
14609,NY,ROCHESTER,MONROE,USA
14610,NY,ROCHESTER,MONROE,USA
14611,NY,ROCHESTER,MONROE,USA
14612,NY,ROCHESTER,MONROE,USA
14613,NY,ROCHESTER,MONROE,USA
14614,NY,ROCHESTER,MONROE,USA
14615,NY,ROCHESTER,MONROE,USA
14616,NY,ROCHESTER,MONROE,USA
14617,NY,ROCHESTER,MONROE,USA
14618,NY,ROCHESTER,MONROE,USA
14619,NY,ROCHESTER,MONROE,USA
14620,NY,ROCHESTER,MONROE,USA
14621,NY,ROCHESTER,MONROE,USA
14622,NY,ROCHESTER,MONROE,USA
14623,NY,ROCHESTER,MONROE,USA
14624,NY,ROCHESTER,MONROE,USA
14625,NY,ROCHESTER,MONROE,USA
14626,NY,ROCHESTER,MONROE,USA
14627,NY,ROCHESTER,MONROE,USA
14642,NY,ROCHESTER,MONROE,USA
14701,NY,JAMESTOWN,CHAUTAUQUA,USA
14706,NY,ALLEGANY,CATTARAUGUS,USA
14707,NY,ALLENTOWN,ALLEGANY,USA
14708,NY,ALMA,ALLEGANY,USA
14709,NY,ANGELICA,ALLEGANY,USA
14710,NY,ASHVILLE,CHAUTAUQUA,USA
14711,NY,BELFAST,ALLEGANY,USA
14712,NY,BEMUS POINT,CHAUTAUQUA,USA
14714,NY,BLACK CREEK,ALLEGANY,USA
14715,NY,BOLIVAR,ALLEGANY,USA
14716,NY,BROCTON,CHAUTAUQUA,USA
14717,NY,CANEADEA,ALLEGANY,USA
14718,NY,CASSADAGA,CHAUTAUQUA,USA
14719,NY,CATTARAUGUS,CATTARAUGUS,USA
14720,NY,CELORON,CHAUTAUQUA,USA
14721,NY,CERES,ALLEGANY,USA
14722,NY,CHAUTAUQUA,CHAUTAUQUA,USA
14723,NY,CHERRY CREEK,CHAUTAUQUA,USA
14724,NY,CLYMER,CHAUTAUQUA,USA
14726,NY,CONEWANGO VALLEY,CATTARAUGUS,USA
14727,NY,CUBA,ALLEGANY,USA
14728,NY,DEWITTVILLE,CHAUTAUQUA,USA
14729,NY,EAST OTTO,CATTARAUGUS,USA
14731,NY,ELLICOTTVILLE,CATTARAUGUS,USA
14732,NY,ELLINGTON,CHAUTAUQUA,USA
14733,NY,FALCONER,CHAUTAUQUA,USA
14735,NY,FILLMORE,ALLEGANY,USA
14736,NY,FINDLEY LAKE,CHAUTAUQUA,USA
14737,NY,FRANKLINVILLE,CATTARAUGUS,USA
14738,NY,FREWSBURG,CHAUTAUQUA,USA
14739,NY,FRIENDSHIP,ALLEGANY,USA
14740,NY,GERRY,CHAUTAUQUA,USA
14741,NY,GREAT VALLEY,CATTARAUGUS,USA
14742,NY,GREENHURST,CHAUTAUQUA,USA
14743,NY,HINSDALE,CATTARAUGUS,USA
14744,NY,HOUGHTON,ALLEGANY,USA
14747,NY,KENNEDY,CHAUTAUQUA,USA
14748,NY,KILL BUCK,CATTARAUGUS,USA
14750,NY,LAKEWOOD,CHAUTAUQUA,USA
14752,NY,LILY DALE,CHAUTAUQUA,USA
14753,NY,LIMESTONE,CATTARAUGUS,USA
14754,NY,LITTLE GENESEE,ALLEGANY,USA
14755,NY,LITTLE VALLEY,CATTARAUGUS,USA
14756,NY,MAPLE SPRINGS,CHAUTAUQUA,USA
14757,NY,MAYVILLE,CHAUTAUQUA,USA
14760,NY,OLEAN,CATTARAUGUS,USA
14767,NY,PANAMA,CHAUTAUQUA,USA
14769,NY,PORTLAND,CHAUTAUQUA,USA
14770,NY,PORTVILLE,ALLEGANY,USA
14772,NY,RANDOLPH,CATTARAUGUS,USA
14774,NY,RICHBURG,ALLEGANY,USA
14775,NY,RIPLEY,CHAUTAUQUA,USA
14777,NY,RUSHFORD,ALLEGANY,USA
14778,NY,SAINT BONAVENTURE,CATTARAUGUS,USA
14779,NY,SALAMANCA,CATTARAUGUS,USA
14781,NY,SHERMAN,CHAUTAUQUA,USA
14782,NY,SINCLAIRVILLE,CHAUTAUQUA,USA
14783,NY,STEAMBURG,CATTARAUGUS,USA
14784,NY,STOCKTON,CHAUTAUQUA,USA
14785,NY,STOW,CHAUTAUQUA,USA
14787,NY,WESTFIELD,CHAUTAUQUA,USA
14788,NY,WESTONS MILLS,CATTARAUGUS,USA
14801,NY,ADDISON,STEUBEN,USA
14802,NY,ALFRED,ALLEGANY,USA
14803,NY,ALFRED STATION,ALLEGANY,USA
14804,NY,ALMOND,ALLEGANY,USA
14805,NY,ALPINE,SCHUYLER,USA
14806,NY,ANDOVER,ALLEGANY,USA
14807,NY,ARKPORT,STEUBEN,USA
14808,NY,ATLANTA,STEUBEN,USA
14809,NY,AVOCA,STEUBEN,USA
14810,NY,BATH,STEUBEN,USA
14812,NY,BEAVER DAMS,SCHUYLER,USA
14813,NY,BELMONT,ALLEGANY,USA
14814,NY,BIG FLATS,CHEMUNG,USA
14815,NY,BRADFORD,SCHUYLER,USA
14816,NY,BREESPORT,CHEMUNG,USA
14817,NY,BROOKTONDALE,TOMPKINS,USA
14818,NY,BURDETT,SCHUYLER,USA
14819,NY,CAMERON,STEUBEN,USA
14820,NY,CAMERON MILLS,STEUBEN,USA
14821,NY,CAMPBELL,STEUBEN,USA
14822,NY,CANASERAGA,ALLEGANY,USA
14823,NY,CANISTEO,STEUBEN,USA
14824,NY,CAYUTA,SCHUYLER,USA
14825,NY,CHEMUNG,CHEMUNG,USA
14826,NY,COHOCTON,STEUBEN,USA
14827,NY,COOPERS PLAINS,STEUBEN,USA
14830,NY,CORNING,STEUBEN,USA
14836,NY,DALTON,LIVINGSTON,USA
14837,NY,DUNDEE,YATES,USA
14838,NY,ERIN,CHEMUNG,USA
14839,NY,GREENWOOD,STEUBEN,USA
14840,NY,HAMMONDSPORT,STEUBEN,USA
14841,NY,HECTOR,SCHUYLER,USA
14842,NY,HIMROD,YATES,USA
14843,NY,HORNELL,STEUBEN,USA
14845,NY,HORSEHEADS,CHEMUNG,USA
14846,NY,HUNT,LIVINGSTON,USA
14847,NY,INTERLAKEN,SENECA,USA
14850,NY,ITHACA,TOMPKINS,USA
14853,NY,ITHACA,TOMPKINS,USA
14854,NY,JACKSONVILLE,TOMPKINS,USA
14855,NY,JASPER,STEUBEN,USA
14856,NY,KANONA,STEUBEN,USA
14858,NY,LINDLEY,STEUBEN,USA
14859,NY,LOCKWOOD,TIOGA,USA
14860,NY,LODI,SENECA,USA
14861,NY,LOWMAN,CHEMUNG,USA
14864,NY,MILLPORT,CHEMUNG,USA
14865,NY,MONTOUR FALLS,SCHUYLER,USA
14867,NY,NEWFIELD,TOMPKINS,USA
14869,NY,ODESSA,SCHUYLER,USA
14870,NY,PAINTED POST,STEUBEN,USA
14871,NY,PINE CITY,CHEMUNG,USA
14872,NY,PINE VALLEY,CHEMUNG,USA
14873,NY,PRATTSBURGH,STEUBEN,USA
14874,NY,PULTENEY,STEUBEN,USA
14877,NY,REXVILLE,STEUBEN,USA
14878,NY,ROCK STREAM,SCHUYLER,USA
14879,NY,SAVONA,STEUBEN,USA
14880,NY,SCIO,ALLEGANY,USA
14881,NY,SLATERVILLE SPRINGS,TOMPKINS,USA
14882,NY,LANSING,TOMPKINS,USA
14883,NY,SPENCER,TIOGA,USA
14884,NY,SWAIN,ALLEGANY,USA
14885,NY,TROUPSBURG,STEUBEN,USA
14886,NY,TRUMANSBURG,TOMPKINS,USA
14889,NY,VAN ETTEN,CHEMUNG,USA
14891,NY,WATKINS GLEN,SCHUYLER,USA
14892,NY,WAVERLY,TIOGA,USA
14893,NY,WAYNE,STEUBEN,USA
14894,NY,WELLSBURG,CHEMUNG,USA
14895,NY,WELLSVILLE,ALLEGANY,USA
14897,NY,WHITESVILLE,ALLEGANY,USA
14898,NY,WOODHULL,STEUBEN,USA
14901,NY,ELMIRA,CHEMUNG,USA
14903,NY,ELMIRA,CHEMUNG,USA
14904,NY,ELMIRA,CHEMUNG,USA
14905,NY,ELMIRA,CHEMUNG,USA
